type,start,end,voyage,latitude,longitude,portVisitId,portVisitName,portVisitFlag,encounteredVesselId,encounteredVesselName,encounteredVesselFlag
fishing,2026-02-05T17:30:10.000Z,2026-02-12T23:57:17.000Z,1,-60.619,-44.8322,,,,,,
fishing,2026-02-01T16:29:59.000Z,2026-02-01T19:09:40.000Z,1,-60.5582,-44.881,,,,,,
fishing,2026-01-13T17:49:24.000Z,2026-02-01T15:27:22.000Z,1,-60.4751,-45.5826,,,,,,
fishing,2026-01-12T19:51:01.000Z,2026-01-13T14:40:07.000Z,1,-60.227,-46.8224,,,,,,
fishing,2026-01-10T15:39:04.000Z,2026-01-10T16:33:13.000Z,1,-60.7315,-45.5338,,,,,,
fishing,2026-01-10T11:48:44.000Z,2026-01-10T13:07:03.000Z,1,-60.7723,-45.5273,,,,,,
fishing,2026-01-09T21:23:04.000Z,2026-01-10T10:20:04.000Z,1,-60.6617,-45.7779,,,,,,
fishing,2026-01-09T12:01:04.000Z,2026-01-09T12:53:23.000Z,1,-60.8953,-45.6153,,,,,,
fishing,2026-01-09T10:48:34.000Z,2026-01-09T11:41:24.000Z,1,-60.8672,-45.582,,,,,,
fishing,2026-01-09T01:43:00.000Z,2026-01-09T02:07:10.000Z,1,-61.1663,-46.8619,,,,,,
fishing,2026-01-08T18:57:34.000Z,2026-01-08T23:38:03.000Z,1,-61.2042,-46.8604,,,,,,
fishing,2026-01-08T13:25:12.000Z,2026-01-08T14:35:04.000Z,1,-61.1554,-46.8708,,,,,,
fishing,2026-01-06T18:51:03.000Z,2026-01-08T12:35:06.000Z,1,-61.0524,-47.0253,,,,,,
fishing,2026-01-06T16:52:04.000Z,2026-01-06T18:00:51.000Z,1,-60.9824,-47.1376,,,,,,
fishing,2026-01-05T18:13:22.000Z,2026-01-06T14:49:04.000Z,1,-60.947,-47.1123,,,,,,
fishing,2026-01-05T09:09:43.000Z,2026-01-05T10:39:11.000Z,1,-61.0015,-46.7825,,,,,,
fishing,2026-01-05T04:41:52.000Z,2026-01-05T05:40:53.000Z,1,-60.7571,-47.1027,,,,,,
fishing,2026-01-04T19:31:48.000Z,2026-01-04T20:22:13.000Z,1,-60.3963,-47.0821,,,,,,
fishing,2026-01-04T10:58:46.000Z,2026-01-04T11:20:02.000Z,1,-60.1067,-44.9245,,,,,,
fishing,2026-01-04T07:07:03.000Z,2026-01-04T08:53:53.000Z,1,-60.1112,-45.0433,,,,,,
fishing,2026-01-03T17:26:42.000Z,2026-01-04T03:19:37.000Z,1,-60.1706,-45.178,,,,,,
fishing,2026-01-02T17:19:18.000Z,2026-01-03T14:40:20.000Z,1,-60.2984,-45.3179,,,,,,
fishing,2025-12-23T20:36:01.000Z,2026-01-02T13:49:20.000Z,1,-60.3483,-45.1008,,,,,,
fishing,2025-12-19T09:51:03.000Z,2025-12-19T12:09:21.000Z,1,-60.2973,-46.4352,,,,,,
fishing,2025-12-19T04:12:05.000Z,2025-12-19T09:08:00.000Z,1,-60.3528,-46.4438,,,,,,
fishing,2025-12-12T17:43:07.000Z,2025-12-18T23:58:28.000Z,1,-60.3418,-46.2651,,,,,,
fishing,2025-12-12T13:39:14.000Z,2025-12-12T14:21:04.000Z,1,-60.3498,-45.8566,,,,,,
fishing,2025-12-12T07:50:07.000Z,2025-12-12T13:05:15.000Z,1,-60.358,-45.8632,,,,,,
fishing,2025-12-12T06:48:14.000Z,2025-12-12T07:11:00.000Z,1,-60.3504,-45.9177,,,,,,
fishing,2025-12-11T21:17:54.000Z,2025-12-12T01:30:39.000Z,1,-60.0511,-46.8891,,,,,,
fishing,2025-12-11T19:16:16.000Z,2025-12-11T20:39:05.000Z,1,-60.0472,-46.91,,,,,,
fishing,2025-12-11T11:04:03.000Z,2025-12-11T11:47:02.000Z,1,-60.0094,-46.8614,,,,,,
fishing,2025-12-10T18:45:06.000Z,2025-12-11T10:47:55.000Z,1,-59.9582,-46.6953,,,,,,
fishing,2025-12-10T17:15:44.000Z,2025-12-10T18:32:14.000Z,1,-59.9515,-46.658,,,,,,
fishing,2025-12-06T17:36:04.000Z,2025-12-10T16:33:05.000Z,1,-60.011,-46.6961,,,,,,
fishing,2025-12-01T20:21:54.000Z,2025-12-06T17:00:05.000Z,1,-60.2299,-46.6024,,,,,,
fishing,2025-12-01T09:49:00.000Z,2025-12-01T12:13:04.000Z,1,-60.2556,-46.0896,,,,,,
fishing,2025-11-30T20:42:21.000Z,2025-11-30T21:45:07.000Z,1,-60.2747,-46.1506,,,,,,
fishing,2025-11-29T21:03:35.000Z,2025-11-29T21:30:35.000Z,1,-59.6299,-46.2984,,,,,,
fishing,2025-11-29T05:54:14.000Z,2025-11-29T06:36:24.000Z,1,-58.604,-43.2437,,,,,,
fishing,2025-11-19T06:24:04.000Z,2025-11-19T10:44:13.000Z,1,-36.4841,-5.2686,,,,,,
fishing,2025-11-18T12:22:53.000Z,2025-11-18T13:51:22.000Z,1,-36.3179,-1.8824,,,,,,
fishing,2025-11-18T05:16:43.000Z,2025-11-18T10:19:45.000Z,1,-36.3217,-1.4237,,,,,,
fishing,2025-11-01T11:10:00.000Z,2025-11-01T13:04:38.000Z,1,-33.8436,18.2315,,,,,,
fishing,2025-11-01T05:09:42.000Z,2025-11-01T05:40:01.000Z,1,-33.7302,18.2687,,,,,,
fishing,2025-08-26T22:16:06.000Z,2025-08-27T07:10:02.000Z,1,-33.8713,18.4472,,,,,,
fishing,2025-08-26T08:11:17.000Z,2025-08-26T10:06:59.000Z,1,-33.8741,18.448,,,,,,
fishing,2025-08-24T09:45:03.000Z,2025-08-24T11:24:17.000Z,1,-35.6038,7.4922,,,,,,
fishing,2025-08-19T16:39:11.000Z,2025-08-19T17:09:42.000Z,1,-39.6127,-20.9842,,,,,,
fishing,2025-08-12T20:03:16.000Z,2025-08-12T22:06:05.000Z,1,-51.1266,-58.0596,,,,,,
fishing,2025-08-12T12:57:19.000Z,2025-08-12T19:39:13.000Z,1,-51.0984,-58.0552,,,,,,
fishing,2025-08-11T23:08:20.000Z,2025-08-12T10:16:19.000Z,1,-51.3467,-57.4494,,,,,,
fishing,2025-08-10T13:33:31.000Z,2025-08-11T14:18:45.000Z,1,-51.5612,-57.9265,,,,,,
fishing,2025-08-04T12:38:12.000Z,2025-08-04T13:02:00.000Z,1,-54.2047,-58.0551,,,,,,
fishing,2025-08-02T05:13:43.000Z,2025-08-02T05:43:00.000Z,1,-62.652,-61.9461,,,,,,
fishing,2025-08-01T03:40:40.000Z,2025-08-01T23:07:55.000Z,1,-63.4474,-60.4245,,,,,,
fishing,2025-08-01T00:42:43.000Z,2025-08-01T01:16:00.000Z,1,-63.432,-60.3641,,,,,,
fishing,2025-07-19T00:04:22.000Z,2025-07-31T23:59:03.000Z,1,-63.5442,-60.3698,,,,,,
fishing,2025-07-17T16:44:52.000Z,2025-07-18T23:58:01.000Z,1,-63.4542,-60.506,,,,,,
fishing,2025-07-15T10:17:53.000Z,2025-07-15T11:07:27.000Z,1,-62.4776,-59.7273,,,,,,
fishing,2025-07-14T21:37:44.000Z,2025-07-14T22:04:32.000Z,1,-62.9597,-57.7248,,,,,,
fishing,2025-06-30T06:56:33.000Z,2025-07-14T19:37:26.000Z,1,-63.0458,-58.0418,,,,,,
fishing,2025-06-30T04:19:16.000Z,2025-06-30T05:45:02.000Z,1,-63.2104,-58.1697,,,,,,
fishing,2025-06-30T03:10:22.000Z,2025-06-30T03:58:00.000Z,1,-63.1776,-58.2394,,,,,,
fishing,2025-06-30T02:16:44.000Z,2025-06-30T02:49:37.000Z,1,-63.1448,-58.2303,,,,,,
fishing,2025-06-28T17:36:26.000Z,2025-06-29T09:52:08.000Z,1,-62.5805,-59.5893,,,,,,
fishing,2025-06-28T12:14:53.000Z,2025-06-28T13:33:13.000Z,1,-62.4693,-59.6874,,,,,,
fishing,2025-06-28T08:43:11.000Z,2025-06-28T10:03:08.000Z,1,-62.5239,-59.1383,,,,,,
fishing,2025-06-28T00:51:21.000Z,2025-06-28T01:11:35.000Z,1,-63.0815,-58.2936,,,,,,
fishing,2025-06-24T03:18:40.000Z,2025-06-27T22:31:31.000Z,1,-63.2258,-58.1553,,,,,,
fishing,2025-06-23T22:21:56.000Z,2025-06-24T02:57:02.000Z,1,-63.0863,-58.2745,,,,,,
fishing,2025-06-17T13:03:41.000Z,2025-06-22T08:23:14.000Z,1,-62.999,-58.5001,,,,,,
fishing,2025-05-31T11:46:13.000Z,2025-06-16T19:01:28.000Z,1,-64.3803,-61.8098,,,,,,
fishing,2025-05-30T08:11:10.000Z,2025-05-30T08:36:12.000Z,1,-62.4798,-59.7277,,,,,,
fishing,2025-05-28T05:37:19.000Z,2025-05-28T07:56:01.000Z,1,-62.4829,-59.6926,,,,,,
fishing,2025-05-27T19:37:08.000Z,2025-05-28T03:36:37.000Z,1,-62.473,-59.5744,,,,,,
fishing,2025-05-18T19:35:15.000Z,2025-05-27T00:16:13.000Z,1,-64.4038,-62.1155,,,,,,
fishing,2025-05-18T16:25:49.000Z,2025-05-18T18:41:31.000Z,1,-64.4736,-62.0608,,,,,,
fishing,2025-05-18T13:59:21.000Z,2025-05-18T15:51:10.000Z,1,-64.4968,-62.1538,,,,,,
fishing,2025-05-17T19:44:42.000Z,2025-05-18T10:29:00.000Z,1,-64.5167,-62.3181,,,,,,
fishing,2025-05-17T14:48:22.000Z,2025-05-17T17:30:29.000Z,1,-64.4589,-61.9893,,,,,,
fishing,2025-05-15T12:02:09.000Z,2025-05-17T13:58:00.000Z,1,-64.4275,-61.8497,,,,,,
fishing,2025-05-13T11:30:03.000Z,2025-05-15T01:23:12.000Z,1,-63.0685,-58.1199,,,,,,
fishing,2025-05-08T06:19:11.000Z,2025-05-13T05:05:43.000Z,1,-63.1382,-58.761,,,,,,
fishing,2025-04-29T07:33:20.000Z,2025-05-06T20:54:20.000Z,1,-63.1348,-58.7433,,,,,,
fishing,2025-04-27T07:57:15.000Z,2025-04-27T08:57:24.000Z,1,-62.4741,-59.7242,,,,,,
fishing,2025-04-26T22:01:05.000Z,2025-04-27T03:03:05.000Z,1,-62.4639,-59.6229,,,,,,
fishing,2025-04-26T14:09:04.000Z,2025-04-26T15:23:04.000Z,1,-62.4825,-59.5111,,,,,,
fishing,2025-04-25T00:01:31.000Z,2025-04-26T09:22:12.000Z,1,-63.0635,-58.7377,,,,,,
fishing,2025-04-23T01:17:51.000Z,2025-04-24T23:59:22.000Z,1,-63.0745,-58.6397,,,,,,
fishing,2025-04-22T03:08:05.000Z,2025-04-22T20:49:44.000Z,1,-63.4407,-60.2819,,,,,,
fishing,2025-04-20T20:54:31.000Z,2025-04-20T22:12:46.000Z,1,-62.6181,-55.573,,,,,,
fishing,2025-04-20T17:26:06.000Z,2025-04-20T17:46:24.000Z,1,-62.4412,-54.8602,,,,,,
fishing,2025-04-11T22:14:14.000Z,2025-04-19T02:31:03.000Z,1,-60.3992,-46.1251,,,,,,
fishing,2025-04-11T17:53:34.000Z,2025-04-11T20:34:43.000Z,1,-60.3784,-46.0643,,,,,,
fishing,2025-04-05T21:17:55.000Z,2025-04-10T21:52:05.000Z,1,-60.4485,-46.1798,,,,,,
fishing,2025-03-23T16:11:41.000Z,2025-04-03T04:45:26.000Z,1,-60.4798,-45.6838,,,,,,
fishing,2025-03-23T10:10:45.000Z,2025-03-23T10:37:16.000Z,1,-60.4085,-45.9763,,,,,,
fishing,2025-03-22T10:42:12.000Z,2025-03-22T11:41:08.000Z,1,-60.7137,-45.5388,,,,,,
fishing,2025-03-21T14:32:50.000Z,2025-03-22T10:18:02.000Z,1,-60.7071,-45.5553,,,,,,
fishing,2025-03-20T06:49:48.000Z,2025-03-20T12:24:28.000Z,1,-60.7102,-45.534,,,,,,
fishing,2025-03-19T06:03:14.000Z,2025-03-19T08:31:35.000Z,1,-60.5149,-45.3243,,,,,,
fishing,2025-03-19T00:00:07.000Z,2025-03-19T00:56:46.000Z,1,-60.3177,-46.1027,,,,,,
fishing,2025-03-07T17:49:01.000Z,2025-03-18T23:51:09.000Z,1,-60.4597,-45.6932,,,,,,
fishing,2025-03-07T16:20:02.000Z,2025-03-07T17:13:44.000Z,1,-60.5341,-44.9488,,,,,,
fishing,2025-03-05T22:35:06.000Z,2025-03-06T08:56:08.000Z,1,-60.7062,-45.5587,,,,,,
fishing,2025-03-04T17:14:53.000Z,2025-03-04T17:36:10.000Z,1,-60.7109,-45.5453,,,,,,
fishing,2025-03-02T18:21:49.000Z,2025-03-04T07:25:00.000Z,1,-60.4895,-45.1717,,,,,,
fishing,2025-02-26T00:00:20.000Z,2025-03-02T11:43:08.000Z,1,-60.4036,-46.2719,,,,,,
fishing,2025-02-20T22:04:54.000Z,2025-02-25T23:49:00.000Z,1,-60.4953,-45.1168,,,,,,
fishing,2025-02-20T18:27:20.000Z,2025-02-20T19:28:25.000Z,1,-60.5551,-45.2003,,,,,,
fishing,2025-02-20T11:25:24.000Z,2025-02-20T12:03:00.000Z,1,-60.575,-45.2909,,,,,,
fishing,2025-02-20T00:45:11.000Z,2025-02-20T10:05:00.000Z,1,-60.5439,-45.1869,,,,,,
fishing,2025-02-19T14:45:00.000Z,2025-02-19T19:51:14.000Z,1,-60.3891,-46.4566,,,,,,
fishing,2025-02-10T14:24:31.000Z,2025-02-19T13:34:00.000Z,1,-60.3681,-46.0727,,,,,,
fishing,2025-02-10T02:13:01.000Z,2025-02-10T13:19:03.000Z,1,-60.4054,-46.0326,,,,,,
fishing,2025-02-08T08:34:38.000Z,2025-02-08T09:08:36.000Z,1,-60.45,-45.3156,,,,,,
fishing,2025-01-16T00:00:05.000Z,2025-02-08T00:44:09.000Z,1,-60.3874,-46.1124,,,,,,
fishing,2025-01-15T17:21:55.000Z,2025-01-15T23:36:06.000Z,1,-60.4208,-46.0537,,,,,,
fishing,2025-01-12T19:52:46.000Z,2025-01-12T22:42:43.000Z,1,-64.2867,-61.7691,,,,,,
fishing,2025-01-12T17:36:46.000Z,2025-01-12T18:37:26.000Z,1,-64.2453,-61.7396,,,,,,
fishing,2025-01-12T11:06:01.000Z,2025-01-12T15:47:02.000Z,1,-64.2417,-61.7229,,,,,,
fishing,2025-01-12T09:03:23.000Z,2025-01-12T09:26:31.000Z,1,-64.2293,-61.6961,,,,,,
fishing,2025-01-12T03:08:17.000Z,2025-01-12T04:13:23.000Z,1,-64.241,-61.6852,,,,,,
fishing,2025-01-10T00:32:59.000Z,2025-01-11T23:58:01.000Z,1,-64.3831,-61.8025,,,,,,
fishing,2025-01-08T15:32:29.000Z,2025-01-09T09:18:45.000Z,1,-64.5026,-61.8671,,,,,,
fishing,2025-01-08T11:05:12.000Z,2025-01-08T11:44:00.000Z,1,-64.3364,-62.0801,,,,,,
fishing,2025-01-08T07:11:58.000Z,2025-01-08T10:08:01.000Z,1,-64.4574,-61.9677,,,,,,
fishing,2025-01-07T21:45:00.000Z,2025-01-08T07:00:00.000Z,1,-64.3721,-61.7447,,,,,,
fishing,2025-01-07T17:06:18.000Z,2025-01-07T21:25:38.000Z,1,-64.3836,-61.8366,,,,,,
fishing,2024-12-25T08:49:19.000Z,2025-01-07T16:55:07.000Z,1,-64.3838,-61.8615,,,,,,
fishing,2024-12-25T05:22:08.000Z,2024-12-25T08:17:00.000Z,1,-64.3795,-61.8278,,,,,,
fishing,2024-12-24T13:10:48.000Z,2024-12-25T05:10:12.000Z,1,-64.3895,-61.8828,,,,,,
fishing,2024-12-22T16:38:27.000Z,2024-12-23T10:39:15.000Z,1,-64.5308,-61.9225,,,,,,
fishing,2024-12-14T16:35:02.000Z,2024-12-22T13:41:26.000Z,1,-64.4339,-61.7434,,,,,,
fishing,2024-12-13T22:31:24.000Z,2024-12-14T09:51:06.000Z,1,-64.3588,-61.7608,,,,,,
fishing,2024-12-13T20:01:14.000Z,2024-12-13T21:36:00.000Z,1,-64.5374,-61.8929,,,,,,
fishing,2024-12-13T07:18:53.000Z,2024-12-13T18:05:04.000Z,1,-64.4653,-61.7368,,,,,,
fishing,2024-12-13T06:30:49.000Z,2024-12-13T07:06:06.000Z,1,-64.3941,-61.8418,,,,,,
fishing,2024-12-13T00:49:11.000Z,2024-12-13T01:49:51.000Z,1,-64.4325,-61.7576,,,,,,
fishing,2024-12-13T00:09:57.000Z,2024-12-13T00:31:20.000Z,1,-64.4597,-61.9046,,,,,,
fishing,2024-12-12T13:50:01.000Z,2024-12-12T23:38:09.000Z,1,-64.3403,-61.6498,,,,,,
fishing,2024-12-12T09:45:11.000Z,2024-12-12T11:05:11.000Z,1,-64.4407,-61.8256,,,,,,
fishing,2024-12-11T15:54:03.000Z,2024-12-12T02:22:07.000Z,1,-64.4466,-61.8859,,,,,,
fishing,2024-12-04T22:07:19.000Z,2024-12-11T15:38:31.000Z,1,-64.3647,-61.8134,,,,,,
fishing,2024-12-04T07:48:21.000Z,2024-12-04T08:10:00.000Z,1,-64.2101,-61.4608,,,,,,
fishing,2024-11-25T07:58:45.000Z,2024-11-25T11:11:05.000Z,1,-44.998,-13.361,,,,,,
fishing,2024-11-18T02:00:26.000Z,2024-11-18T05:00:27.000Z,1,-33.8749,18.4496,,,,,,
fishing,2024-11-16T12:24:35.000Z,2024-11-16T14:08:28.000Z,1,-33.89,18.3674,,,,,,
fishing,2024-11-16T09:57:35.000Z,2024-11-16T10:52:34.000Z,1,-33.889,18.3709,,,,,,
fishing,2024-10-28T04:16:01.000Z,2024-10-28T04:59:28.000Z,1,-33.0512,27.9627,,,,,,
fishing,2024-10-28T02:36:22.000Z,2024-10-28T03:49:55.000Z,1,-33.0304,27.9627,,,,,,
fishing,2024-09-24T15:23:15.000Z,2024-09-24T16:18:37.000Z,1,-39.3165,-2.5097,,,,,,
fishing,2024-09-15T15:48:54.000Z,2024-09-17T00:29:01.000Z,1,-53.5521,-37.217,,,,,,
fishing,2024-09-15T11:27:01.000Z,2024-09-15T14:51:00.000Z,1,-53.5655,-37.1404,,,,,,
fishing,2024-09-15T06:33:07.000Z,2024-09-15T11:16:16.000Z,1,-53.5878,-37.0592,,,,,,
fishing,2024-09-14T23:42:10.000Z,2024-09-15T04:51:15.000Z,1,-53.5916,-37.1489,,,,,,
fishing,2024-09-14T20:57:13.000Z,2024-09-14T23:19:02.000Z,1,-53.539,-37.0211,,,,,,
fishing,2024-09-11T05:18:08.000Z,2024-09-14T16:55:02.000Z,1,-53.5862,-37.3686,,,,,,
fishing,2024-09-08T20:29:25.000Z,2024-09-08T22:30:02.000Z,1,-54.1702,-36.3871,,,,,,
fishing,2024-09-04T06:35:02.000Z,2024-09-08T15:17:15.000Z,1,-53.6061,-37.3753,,,,,,
fishing,2024-09-03T21:33:34.000Z,2024-09-04T05:32:01.000Z,1,-53.5807,-37.3773,,,,,,
fishing,2024-09-03T12:55:07.000Z,2024-09-03T21:17:23.000Z,1,-53.5974,-37.3727,,,,,,
fishing,2024-09-03T07:39:32.000Z,2024-09-03T09:23:00.000Z,1,-53.6307,-38.0129,,,,,,
fishing,2024-09-03T05:35:52.000Z,2024-09-03T06:38:26.000Z,1,-53.6832,-38.2519,,,,,,
fishing,2024-09-03T04:38:01.000Z,2024-09-03T05:18:00.000Z,1,-53.717,-38.4605,,,,,,
fishing,2024-09-02T19:09:23.000Z,2024-09-02T20:02:15.000Z,1,-53.6932,-38.5922,,,,,,
fishing,2024-08-25T00:58:04.000Z,2024-09-02T17:36:03.000Z,1,-53.6522,-38.2875,,,,,,
fishing,2024-08-24T18:16:41.000Z,2024-08-24T18:39:02.000Z,1,-53.8113,-38.8347,,,,,,
fishing,2024-08-22T08:37:26.000Z,2024-08-24T02:35:31.000Z,1,-53.8102,-36.0793,,,,,,
fishing,2024-08-22T01:02:09.000Z,2024-08-22T02:29:01.000Z,1,-53.9379,-35.6715,,,,,,
fishing,2024-08-21T22:11:43.000Z,2024-08-21T23:10:12.000Z,1,-54.0874,-35.7991,,,,,,
fishing,2024-08-21T16:07:13.000Z,2024-08-21T17:18:32.000Z,1,-54.4067,-35.3233,,,,,,
fishing,2024-08-20T21:25:56.000Z,2024-08-20T22:25:58.000Z,1,-54.4564,-35.6041,,,,,,
fishing,2024-08-15T13:44:47.000Z,2024-08-20T14:49:21.000Z,1,-53.7842,-36.1904,,,,,,
fishing,2024-08-15T12:57:17.000Z,2024-08-15T13:32:13.000Z,1,-53.8395,-35.9917,,,,,,
fishing,2024-08-15T10:47:29.000Z,2024-08-15T11:57:33.000Z,1,-53.873,-35.7701,,,,,,
fishing,2024-08-15T09:39:37.000Z,2024-08-15T10:27:03.000Z,1,-53.9422,-35.8481,,,,,,
fishing,2024-08-15T06:56:06.000Z,2024-08-15T07:44:20.000Z,1,-54.0874,-36.2185,,,,,,
fishing,2024-08-14T16:19:24.000Z,2024-08-15T02:52:29.000Z,1,-54.2314,-36.5467,,,,,,
fishing,2024-08-12T10:45:43.000Z,2024-08-13T19:50:12.000Z,1,-53.8724,-35.8331,,,,,,
fishing,2024-08-10T19:10:09.000Z,2024-08-10T19:52:30.000Z,1,-54.2796,-36.4299,,,,,,
fishing,2024-08-10T11:02:08.000Z,2024-08-10T17:42:11.000Z,1,-54.2238,-36.4755,,,,,,
fishing,2024-08-10T08:32:37.000Z,2024-08-10T10:46:37.000Z,1,-54.1944,-36.3674,,,,,,
fishing,2024-08-06T09:26:10.000Z,2024-08-10T01:58:40.000Z,1,-54.3287,-35.2716,,,,,,
fishing,2024-08-06T07:50:03.000Z,2024-08-06T08:30:16.000Z,1,-54.4314,-35.2146,,,,,,
fishing,2024-08-06T04:44:28.000Z,2024-08-06T06:55:20.000Z,1,-54.386,-35.2743,,,,,,
fishing,2024-08-05T10:21:06.000Z,2024-08-05T17:42:29.000Z,1,-54.2045,-36.4532,,,,,,
fishing,2024-08-05T05:01:01.000Z,2024-08-05T09:50:27.000Z,1,-54.2306,-36.5477,,,,,,
fishing,2024-08-05T04:00:20.000Z,2024-08-05T04:33:47.000Z,1,-54.2218,-36.5065,,,,,,
fishing,2024-07-22T02:26:00.000Z,2024-08-04T22:59:50.000Z,1,-53.8485,-35.8673,,,,,,
fishing,2024-07-21T13:17:42.000Z,2024-07-21T14:35:50.000Z,1,-54.2083,-36.4899,,,,,,
fishing,2024-07-21T11:00:00.000Z,2024-07-21T12:42:30.000Z,1,-54.2305,-36.4317,,,,,,
fishing,2024-07-20T09:43:06.000Z,2024-07-20T11:41:47.000Z,1,-54.2774,-36.4577,,,,,,
fishing,2024-07-20T07:29:10.000Z,2024-07-20T08:18:08.000Z,1,-54.1881,-36.4007,,,,,,
fishing,2024-07-13T04:43:47.000Z,2024-07-19T19:32:50.000Z,1,-53.9817,-35.7102,,,,,,
fishing,2024-07-12T20:22:34.000Z,2024-07-13T03:31:04.000Z,1,-54.0391,-35.7383,,,,,,
fishing,2024-07-12T19:05:48.000Z,2024-07-12T19:59:03.000Z,1,-53.8454,-35.9821,,,,,,
fishing,2024-07-12T12:06:04.000Z,2024-07-12T13:26:17.000Z,1,-54.2188,-36.538,,,,,,
fishing,2024-07-11T15:37:47.000Z,2024-07-11T17:08:08.000Z,1,-54.2206,-36.5759,,,,,,
fishing,2024-07-10T12:36:07.000Z,2024-07-11T11:18:03.000Z,1,-54.2068,-36.5495,,,,,,
fishing,2024-06-30T19:20:32.000Z,2024-07-10T05:41:46.000Z,1,-53.7376,-36.6321,,,,,,
fishing,2024-06-30T17:58:01.000Z,2024-06-30T18:31:04.000Z,1,-53.8339,-36.5491,,,,,,
fishing,2024-06-29T23:16:33.000Z,2024-06-30T09:44:41.000Z,1,-54.2817,-36.4311,,,,,,
fishing,2024-06-29T08:24:59.000Z,2024-06-29T09:52:30.000Z,1,-54.2808,-36.4229,,,,,,
fishing,2024-06-29T04:23:18.000Z,2024-06-29T07:34:10.000Z,1,-54.1766,-36.3853,,,,,,
fishing,2024-06-16T13:09:53.000Z,2024-06-28T19:11:51.000Z,1,-54.0537,-35.8308,,,,,,
fishing,2024-06-15T13:03:19.000Z,2024-06-16T08:31:49.000Z,1,-54.4759,-35.8271,,,,,,
fishing,2024-06-15T09:19:47.000Z,2024-06-15T09:46:01.000Z,1,-54.093,-35.7886,,,,,,
fishing,2024-06-07T15:31:03.000Z,2024-06-15T03:33:02.000Z,1,-53.8426,-36.4242,,,,,,
fishing,2024-06-07T13:37:58.000Z,2024-06-07T14:04:16.000Z,1,-53.9604,-36.2007,,,,,,
fishing,2024-06-06T18:47:43.000Z,2024-06-07T11:33:01.000Z,1,-54.2835,-36.4275,,,,,,
fishing,2024-06-06T15:44:37.000Z,2024-06-06T17:14:38.000Z,1,-54.282,-36.4608,,,,,,
fishing,2024-06-06T08:22:17.000Z,2024-06-06T14:53:39.000Z,1,-54.2679,-36.4489,,,,,,
fishing,2024-05-31T02:45:06.000Z,2024-06-06T06:36:44.000Z,1,-54.2366,-35.6852,,,,,,
fishing,2024-05-30T22:37:02.000Z,2024-05-31T01:24:39.000Z,1,-54.2324,-35.6715,,,,,,
fishing,2024-05-30T18:32:06.000Z,2024-05-30T19:07:29.000Z,1,-54.152,-36.2479,,,,,,
fishing,2024-05-30T05:32:54.000Z,2024-05-30T10:54:03.000Z,1,-54.2236,-36.5421,,,,,,
fishing,2024-05-27T19:43:36.000Z,2024-05-28T10:54:15.000Z,1,-54.2876,-36.4773,,,,,,
fishing,2024-05-27T17:21:39.000Z,2024-05-27T18:38:53.000Z,1,-54.2876,-36.4779,,,,,,
fishing,2024-05-27T13:01:05.000Z,2024-05-27T14:39:46.000Z,1,-54.276,-36.4553,,,,,,
fishing,2024-05-27T07:57:57.000Z,2024-05-27T09:42:27.000Z,1,-54.0741,-35.7702,,,,,,
fishing,2024-05-26T05:19:25.000Z,2024-05-26T06:46:26.000Z,1,-53.6885,-36.8265,,,,,,
fishing,2024-05-23T21:52:29.000Z,2024-05-23T22:22:40.000Z,1,-59.1835,-45.2218,,,,,,
fishing,2024-05-23T20:48:25.000Z,2024-05-23T21:39:05.000Z,1,-59.2198,-45.3356,,,,,,
fishing,2024-05-23T19:21:22.000Z,2024-05-23T19:51:35.000Z,1,-59.3239,-45.5902,,,,,,
fishing,2024-05-23T14:49:59.000Z,2024-05-23T18:54:06.000Z,1,-59.496,-45.8366,,,,,,
fishing,2024-05-23T12:59:05.000Z,2024-05-23T14:34:03.000Z,1,-59.4383,-46.0921,,,,,,
fishing,2024-05-22T12:38:19.000Z,2024-05-22T15:35:04.000Z,1,-59.7021,-52.9979,,,,,,
fishing,2024-05-12T09:54:02.000Z,2024-05-20T16:55:55.000Z,1,-64.4844,-61.7014,,,,,,
fishing,2024-05-11T11:38:00.000Z,2024-05-11T17:59:01.000Z,1,-64.53,-61.9132,,,,,,
fishing,2024-05-10T11:10:01.000Z,2024-05-10T15:11:53.000Z,1,-64.5571,-61.9703,,,,,,
fishing,2024-05-09T20:36:00.000Z,2024-05-10T00:47:02.000Z,1,-64.476,-62.0453,,,,,,
fishing,2024-05-04T16:20:14.000Z,2024-05-09T19:50:13.000Z,1,-64.4214,-61.7561,,,,,,
fishing,2024-05-04T04:23:01.000Z,2024-05-04T05:14:51.000Z,1,-62.9676,-58.3665,,,,,,
fishing,2024-04-26T21:14:10.000Z,2024-05-04T03:31:14.000Z,1,-62.9047,-57.5251,,,,,,
fishing,2024-04-24T21:56:46.000Z,2024-04-25T04:00:56.000Z,1,-62.4746,-59.7122,,,,,,
fishing,2024-04-24T09:00:08.000Z,2024-04-24T09:57:08.000Z,1,-62.7317,-58.6502,,,,,,
fishing,2024-04-06T10:30:16.000Z,2024-04-23T21:19:17.000Z,1,-63.6819,-59.935,,,,,,
fishing,2024-03-31T21:32:49.000Z,2024-04-01T06:50:50.000Z,1,-62.4733,-59.7171,,,,,,
fishing,2024-03-31T12:18:41.000Z,2024-03-31T14:00:06.000Z,1,-62.4625,-59.6656,,,,,,
fishing,2024-03-30T13:57:07.000Z,2024-03-31T10:58:51.000Z,1,-62.5447,-58.6247,,,,,,
fishing,2024-03-30T12:14:27.000Z,2024-03-30T13:21:20.000Z,1,-62.5763,-57.3834,,,,,,
fishing,2024-03-23T18:21:11.000Z,2024-03-30T01:00:00.000Z,1,-62.699,-55.1605,,,,,,
fishing,2024-03-23T16:19:32.000Z,2024-03-23T17:07:20.000Z,1,-62.7336,-54.6868,,,,,,
fishing,2024-03-22T18:00:26.000Z,2024-03-23T15:59:00.000Z,1,-62.6821,-54.8502,,,,,,
fishing,2024-03-04T07:47:39.000Z,2024-03-18T18:18:19.000Z,1,-60.4012,-46.3805,,,,,,
fishing,2024-03-03T16:47:00.000Z,2024-03-04T07:18:34.000Z,1,-60.4609,-46.7327,,,,,,
fishing,2024-03-03T08:59:50.000Z,2024-03-03T12:26:00.000Z,1,-60.4886,-46.5106,,,,,,
fishing,2024-03-03T04:14:08.000Z,2024-03-03T06:40:03.000Z,1,-60.4667,-46.5642,,,,,,
fishing,2024-03-01T08:02:58.000Z,2024-03-01T08:50:46.000Z,1,-60.5185,-47.2541,,,,,,
fishing,2024-02-19T18:17:24.000Z,2024-03-01T06:17:18.000Z,1,-60.4028,-46.7026,,,,,,
fishing,2024-02-19T10:25:45.000Z,2024-02-19T14:52:54.000Z,1,-60.3478,-46.786,,,,,,
fishing,2024-02-19T08:29:13.000Z,2024-02-19T10:10:05.000Z,1,-60.3807,-46.8752,,,,,,
fishing,2024-02-19T06:20:02.000Z,2024-02-19T06:45:38.000Z,1,-60.4072,-46.835,,,,,,
fishing,2024-02-19T01:01:25.000Z,2024-02-19T05:22:05.000Z,1,-60.4106,-46.7421,,,,,,
fishing,2024-02-17T17:29:51.000Z,2024-02-18T06:08:23.000Z,1,-60.4031,-45.9433,,,,,,
fishing,2024-02-16T16:57:23.000Z,2024-02-17T11:54:45.000Z,1,-60.4415,-46.5595,,,,,,
fishing,2024-02-16T15:41:32.000Z,2024-02-16T16:12:12.000Z,1,-60.4443,-46.6894,,,,,,
fishing,2024-02-16T11:00:03.000Z,2024-02-16T14:01:20.000Z,1,-60.4034,-46.5983,,,,,,
fishing,2024-02-16T08:47:18.000Z,2024-02-16T09:37:06.000Z,1,-60.4516,-46.7639,,,,,,
fishing,2024-02-13T16:23:21.000Z,2024-02-13T20:43:01.000Z,1,-60.4828,-46.5333,,,,,,
fishing,2024-02-12T16:34:50.000Z,2024-02-13T14:58:02.000Z,1,-60.4145,-46.6098,,,,,,
fishing,2024-01-30T23:11:03.000Z,2024-02-12T13:02:13.000Z,1,-60.3478,-46.0789,,,,,,
fishing,2024-01-30T22:03:01.000Z,2024-01-30T22:34:12.000Z,1,-60.422,-45.8393,,,,,,
fishing,2024-01-27T16:17:29.000Z,2024-01-27T16:59:20.000Z,1,-60.3117,-46.2077,,,,,,
fishing,2024-01-27T08:38:45.000Z,2024-01-27T11:03:08.000Z,1,-60.4103,-46.3015,,,,,,
fishing,2024-01-26T17:26:50.000Z,2024-01-27T07:59:00.000Z,1,-60.4022,-46.2124,,,,,,
fishing,2024-01-26T09:42:42.000Z,2024-01-26T10:20:00.000Z,1,-60.3224,-46.2893,,,,,,
fishing,2024-01-26T08:02:09.000Z,2024-01-26T08:39:37.000Z,1,-60.3536,-46.3671,,,,,,
fishing,2024-01-19T16:30:00.000Z,2024-01-26T07:04:09.000Z,1,-60.3494,-45.9213,,,,,,
fishing,2024-01-18T20:36:10.000Z,2024-01-19T14:18:21.000Z,1,-60.3972,-45.2332,,,,,,
fishing,2024-01-11T14:18:08.000Z,2024-01-18T11:08:34.000Z,1,-60.3422,-46.3902,,,,,,
fishing,2024-01-11T06:07:00.000Z,2024-01-11T12:32:41.000Z,1,-60.3857,-45.9419,,,,,,
fishing,2024-01-11T00:11:19.000Z,2024-01-11T04:56:23.000Z,1,-60.4031,-45.8474,,,,,,
fishing,2024-01-08T15:54:03.000Z,2024-01-08T20:18:04.000Z,1,-60.0778,-45.8043,,,,,,
fishing,2024-01-01T19:38:00.000Z,2024-01-08T15:18:34.000Z,1,-60.3534,-45.8784,,,,,,
fishing,2024-01-01T14:56:41.000Z,2024-01-01T16:55:03.000Z,1,-60.3092,-46.054,,,,,,
fishing,2023-12-24T21:05:08.000Z,2024-01-01T13:54:05.000Z,1,-60.4061,-46.0382,,,,,,
fishing,2023-12-24T17:50:59.000Z,2023-12-24T19:45:29.000Z,1,-60.4341,-45.7716,,,,,,
fishing,2023-12-23T00:11:02.000Z,2023-12-23T00:51:02.000Z,1,-56.5364,-37.7411,,,,,,
fishing,2023-12-22T17:20:44.000Z,2023-12-22T17:57:01.000Z,1,-55.7529,-35.8505,,,,,,
fishing,2023-12-22T16:18:01.000Z,2023-12-22T17:20:23.000Z,1,-55.7516,-35.859,,,,,,
fishing,2023-12-19T09:09:04.000Z,2023-12-19T09:31:16.000Z,1,-46.0177,-16.0498,,,,,,
fishing,2023-12-19T01:36:05.000Z,2023-12-19T02:48:03.000Z,1,-45.4388,-14.6493,,,,,,
fishing,2023-09-26T07:05:03.000Z,2023-09-26T09:23:02.000Z,1,-33.8904,18.2316,,,,,,
fishing,2023-09-24T17:53:56.000Z,2023-09-24T23:10:27.000Z,1,-34.7055,12.2325,,,,,,
fishing,2023-09-20T13:45:40.000Z,2023-09-20T15:28:00.000Z,1,-36.2503,-7.3417,,,,,,
fishing,2023-09-20T12:29:45.000Z,2023-09-20T13:04:54.000Z,1,-36.2655,-7.5638,,,,,,
fishing,2023-09-20T11:55:33.000Z,2023-09-20T12:18:04.000Z,1,-36.2742,-7.6685,,,,,,
fishing,2023-09-19T17:38:23.000Z,2023-09-19T19:03:00.000Z,1,-36.5801,-11.4394,,,,,,
fishing,2023-08-26T21:03:44.000Z,2023-09-12T23:59:14.000Z,1,-53.8094,-36.0079,,,,,,
fishing,2023-08-21T16:11:05.000Z,2023-08-25T15:17:03.000Z,1,-53.7354,-36.7929,,,,,,
fishing,2023-08-13T19:31:16.000Z,2023-08-18T15:22:01.000Z,1,-53.8337,-36.0467,,,,,,
fishing,2023-08-13T16:47:01.000Z,2023-08-13T19:05:08.000Z,1,-53.7355,-36.0351,,,,,,
fishing,2023-08-11T17:28:02.000Z,2023-08-12T00:06:03.000Z,1,-53.9649,-35.7817,,,,,,
fishing,2023-08-04T21:09:25.000Z,2023-08-11T16:38:18.000Z,1,-53.7667,-36.2049,,,,,,
fishing,2023-08-04T19:31:44.000Z,2023-08-04T20:34:15.000Z,1,-53.6457,-36.4267,,,,,,
fishing,2023-08-04T03:00:05.000Z,2023-08-04T04:23:17.000Z,1,-53.6767,-36.528,,,,,,
fishing,2023-08-04T01:39:06.000Z,2023-08-04T02:34:06.000Z,1,-53.6572,-36.6848,,,,,,
fishing,2023-08-04T00:15:03.000Z,2023-08-04T00:36:06.000Z,1,-53.6807,-36.5475,,,,,,
fishing,2023-08-03T21:40:00.000Z,2023-08-03T22:35:35.000Z,1,-53.7432,-36.1193,,,,,,
fishing,2023-08-03T20:46:57.000Z,2023-08-03T21:24:15.000Z,1,-53.7955,-36.0281,,,,,,
fishing,2023-08-03T20:08:02.000Z,2023-08-03T20:34:09.000Z,1,-53.787,-36.0087,,,,,,
fishing,2023-08-03T14:37:20.000Z,2023-08-03T15:59:08.000Z,1,-53.8402,-36.115,,,,,,
fishing,2023-08-01T04:10:01.000Z,2023-08-03T14:19:29.000Z,1,-53.8307,-36.1705,,,,,,
fishing,2023-08-01T02:19:28.000Z,2023-08-01T03:22:05.000Z,1,-53.8896,-36.0925,,,,,,
fishing,2023-07-30T03:55:32.000Z,2023-07-30T15:40:17.000Z,1,-54.3055,-36.4416,,,,,,
fishing,2023-07-29T09:51:15.000Z,2023-07-30T02:56:22.000Z,1,-54.2831,-36.443,,,,,,
fishing,2023-07-28T23:33:09.000Z,2023-07-29T09:42:10.000Z,1,-54.2141,-36.5173,,,,,,
fishing,2023-07-28T17:06:15.000Z,2023-07-28T21:40:58.000Z,1,-54.2205,-36.1581,,,,,,
fishing,2023-07-12T14:37:07.000Z,2023-07-28T12:05:16.000Z,1,-53.8354,-36.0382,,,,,,
fishing,2023-07-07T12:35:18.000Z,2023-07-11T01:08:01.000Z,1,-54.0452,-35.7782,,,,,,
fishing,2023-07-07T06:56:08.000Z,2023-07-07T09:33:07.000Z,1,-54.2189,-36.5479,,,,,,
fishing,2023-07-06T17:06:12.000Z,2023-07-06T20:26:08.000Z,1,-54.2384,-36.5852,,,,,,
fishing,2023-07-06T15:03:07.000Z,2023-07-06T16:27:07.000Z,1,-54.2487,-36.603,,,,,,
fishing,2023-07-06T09:21:28.000Z,2023-07-06T09:46:00.000Z,1,-54.2477,-36.6039,,,,,,
fishing,2023-06-27T04:23:00.000Z,2023-07-06T04:39:18.000Z,1,-53.9732,-35.7287,,,,,,
fishing,2023-06-25T18:49:02.000Z,2023-06-25T22:00:07.000Z,1,-53.9308,-35.7818,,,,,,
fishing,2023-06-25T16:57:37.000Z,2023-06-25T18:03:25.000Z,1,-54.0887,-35.6902,,,,,,
fishing,2023-06-21T17:19:04.000Z,2023-06-25T16:33:12.000Z,1,-54.0801,-35.7059,,,,,,
fishing,2023-06-14T13:03:07.000Z,2023-06-17T17:06:06.000Z,1,-61.1168,-46.8819,,,,,,
fishing,2023-06-14T09:51:00.000Z,2023-06-14T10:57:03.000Z,1,-60.8159,-46.74,,,,,,
fishing,2023-06-14T06:56:06.000Z,2023-06-14T09:40:08.000Z,1,-60.8376,-46.9151,,,,,,
fishing,2023-06-13T19:06:19.000Z,2023-06-13T20:11:07.000Z,1,-60.3934,-46.9925,,,,,,
fishing,2023-06-13T02:40:00.000Z,2023-06-13T09:58:33.000Z,1,-60.4756,-45.4555,,,,,,
fishing,2023-06-12T17:51:03.000Z,2023-06-13T01:40:09.000Z,1,-60.4308,-45.4949,,,,,,
fishing,2023-06-12T13:52:04.000Z,2023-06-12T17:35:04.000Z,1,-60.469,-45.4363,,,,,,
fishing,2023-06-12T11:21:01.000Z,2023-06-12T13:26:10.000Z,1,-60.4215,-45.5181,,,,,,
fishing,2023-06-12T07:05:03.000Z,2023-06-12T10:07:20.000Z,1,-60.4199,-45.4891,,,,,,
fishing,2023-06-12T04:01:08.000Z,2023-06-12T05:49:49.000Z,1,-60.4316,-45.5061,,,,,,
fishing,2023-06-11T21:39:33.000Z,2023-06-11T23:29:44.000Z,1,-60.4495,-45.4623,,,,,,
fishing,2023-06-11T17:10:42.000Z,2023-06-11T20:03:36.000Z,1,-60.4888,-45.5957,,,,,,
fishing,2023-06-11T09:00:06.000Z,2023-06-11T09:44:00.000Z,1,-60.238,-47.1393,,,,,,
fishing,2023-06-11T04:42:14.000Z,2023-06-11T06:13:03.000Z,1,-60.4287,-47.1005,,,,,,
fishing,2023-06-11T02:06:08.000Z,2023-06-11T04:16:00.000Z,1,-60.4096,-46.9735,,,,,,
fishing,2023-06-11T00:00:14.000Z,2023-06-11T00:53:04.000Z,1,-60.4175,-46.7526,,,,,,
fishing,2023-06-08T18:34:09.000Z,2023-06-09T23:46:26.000Z,1,-60.6025,-45.3055,,,,,,
fishing,2023-06-05T05:52:54.000Z,2023-06-05T10:12:05.000Z,1,-62.4746,-59.7156,,,,,,
fishing,2023-06-04T13:14:08.000Z,2023-06-04T13:51:02.000Z,1,-62.4731,-59.7104,,,,,,
fishing,2023-06-04T09:09:07.000Z,2023-06-04T10:50:02.000Z,1,-62.5226,-59.3393,,,,,,
fishing,2023-05-26T03:32:01.000Z,2023-06-03T17:08:12.000Z,1,-62.6869,-56.3143,,,,,,
fishing,2023-05-20T17:06:25.000Z,2023-05-25T19:16:07.000Z,1,-63.3831,-59.2522,,,,,,
fishing,2023-05-18T16:18:03.000Z,2023-05-18T21:31:20.000Z,1,-62.4759,-59.7218,,,,,,
fishing,2023-05-17T20:48:23.000Z,2023-05-18T00:21:28.000Z,1,-62.4742,-59.7218,,,,,,
fishing,2023-05-17T13:29:15.000Z,2023-05-17T17:03:18.000Z,1,-62.4746,-59.7189,,,,,,
fishing,2023-05-06T11:42:01.000Z,2023-05-16T16:31:07.000Z,1,-63.1012,-58.5838,,,,,,
fishing,2023-05-06T09:47:05.000Z,2023-05-06T10:54:00.000Z,1,-63.0044,-58.2626,,,,,,
fishing,2023-05-06T05:12:06.000Z,2023-05-06T09:35:04.000Z,1,-62.9993,-58.348,,,,,,
fishing,2023-05-06T02:58:02.000Z,2023-05-06T04:24:17.000Z,1,-63.0617,-58.5093,,,,,,
fishing,2023-05-05T22:33:03.000Z,2023-05-06T02:46:05.000Z,1,-63.0627,-58.6344,,,,,,
fishing,2023-05-05T20:16:05.000Z,2023-05-05T20:37:03.000Z,1,-63.0769,-58.4008,,,,,,
fishing,2023-04-26T11:47:04.000Z,2023-05-05T18:46:24.000Z,1,-62.8199,-57.1525,,,,,,
fishing,2023-04-26T08:05:04.000Z,2023-04-26T09:03:09.000Z,1,-62.6034,-55.602,,,,,,
fishing,2023-04-26T06:37:07.000Z,2023-04-26T07:34:14.000Z,1,-62.4839,-55.5958,,,,,,
fishing,2023-04-22T11:27:36.000Z,2023-04-22T12:11:16.000Z,1,-51.6663,-57.7554,,,,,,
fishing,2023-04-21T16:28:08.000Z,2023-04-22T10:02:57.000Z,1,-51.5895,-57.6039,,,,,,
fishing,2023-04-21T14:09:39.000Z,2023-04-21T16:10:15.000Z,1,-51.4318,-57.3617,,,,,,
fishing,2023-04-21T05:09:38.000Z,2023-04-21T11:46:06.000Z,1,-51.4481,-57.3488,,,,,,
fishing,2023-04-17T12:26:36.000Z,2023-04-18T00:14:40.000Z,1,-62.4794,-59.7242,,,,,,
fishing,2023-04-16T18:38:24.000Z,2023-04-17T04:53:30.000Z,1,-62.48,-59.7186,,,,,,
fishing,2023-04-15T07:01:20.000Z,2023-04-15T10:44:03.000Z,1,-62.6024,-55.26,,,,,,
fishing,2023-04-01T09:43:00.000Z,2023-04-14T23:19:00.000Z,1,-62.6543,-55.3562,,,,,,
fishing,2023-03-29T17:50:23.000Z,2023-03-29T18:22:14.000Z,1,-61.7477,-54.504,,,,,,
fishing,2023-03-27T17:13:35.000Z,2023-03-28T12:34:02.000Z,1,-60.5058,-46.0797,,,,,,
fishing,2023-03-18T11:27:04.000Z,2023-03-27T13:17:09.000Z,1,-60.4729,-45.9336,,,,,,
fishing,2023-03-18T04:08:15.000Z,2023-03-18T09:52:58.000Z,1,-60.4596,-45.4809,,,,,,
fishing,2023-03-18T00:21:18.000Z,2023-03-18T03:46:04.000Z,1,-60.4267,-45.1461,,,,,,
fishing,2023-03-17T11:02:07.000Z,2023-03-17T21:04:14.000Z,1,-60.4551,-45.4323,,,,,,
fishing,2023-03-17T06:43:12.000Z,2023-03-17T08:39:10.000Z,1,-60.4309,-45.5234,,,,,,
fishing,2023-03-17T04:44:04.000Z,2023-03-17T05:58:06.000Z,1,-60.4331,-45.6694,,,,,,
fishing,2023-03-17T02:40:07.000Z,2023-03-17T03:58:01.000Z,1,-60.4159,-45.8155,,,,,,
fishing,2023-03-17T01:11:24.000Z,2023-03-17T02:08:00.000Z,1,-60.4077,-45.9532,,,,,,
fishing,2023-03-16T21:03:02.000Z,2023-03-16T23:49:06.000Z,1,-60.3117,-46.1307,,,,,,
fishing,2023-03-16T15:24:08.000Z,2023-03-16T17:38:05.000Z,1,-60.4435,-45.8176,,,,,,
fishing,2023-03-16T11:57:07.000Z,2023-03-16T14:57:14.000Z,1,-60.4721,-45.4952,,,,,,
fishing,2023-03-15T21:11:59.000Z,2023-03-16T07:13:07.000Z,1,-60.5575,-45.2707,,,,,,
fishing,2023-03-15T16:13:05.000Z,2023-03-15T20:29:59.000Z,1,-60.598,-45.1972,,,,,,
fishing,2023-03-07T19:17:08.000Z,2023-03-15T11:41:03.000Z,1,-60.5031,-46.0895,,,,,,
fishing,2023-02-13T04:31:06.000Z,2023-03-04T12:26:20.000Z,1,-60.5004,-45.4686,,,,,,
fishing,2023-02-10T15:38:29.000Z,2023-02-11T12:11:06.000Z,1,-60.5517,-44.9628,,,,,,
fishing,2023-02-03T16:58:06.000Z,2023-02-10T13:49:12.000Z,1,-60.5392,-45.0405,,,,,,
fishing,2023-02-03T08:41:03.000Z,2023-02-03T11:41:07.000Z,1,-60.5339,-44.9243,,,,,,
fishing,2023-02-02T21:09:35.000Z,2023-02-03T03:12:36.000Z,1,-60.6899,-45.5699,,,,,,
fishing,2023-02-01T23:51:17.000Z,2023-02-02T05:21:24.000Z,1,-60.6931,-45.5668,,,,,,
fishing,2023-02-01T16:31:53.000Z,2023-02-01T21:26:06.000Z,1,-60.6994,-45.5625,,,,,,
fishing,2023-02-01T03:00:00.000Z,2023-02-01T11:33:11.000Z,1,-60.7011,-45.5147,,,,,,
fishing,2023-01-21T16:47:01.000Z,2023-01-31T14:17:00.000Z,1,-60.4319,-45.5817,,,,,,
fishing,2023-01-20T17:28:00.000Z,2023-01-21T15:47:10.000Z,1,-60.5207,-45.1391,,,,,,
fishing,2023-01-20T16:32:02.000Z,2023-01-20T16:59:05.000Z,1,-60.5779,-45.0179,,,,,,
fishing,2023-01-20T13:00:53.000Z,2023-01-20T13:34:10.000Z,1,-60.5574,-45.1424,,,,,,
fishing,2023-01-19T22:12:07.000Z,2023-01-20T12:15:03.000Z,1,-60.5151,-45.069,,,,,,
fishing,2023-01-19T18:02:41.000Z,2023-01-19T18:58:21.000Z,1,-60.848,-45.237,,,,,,
fishing,2023-01-18T00:22:38.000Z,2023-01-18T02:00:46.000Z,1,-60.6947,-45.5633,,,,,,
fishing,2023-01-17T21:38:07.000Z,2023-01-17T22:08:16.000Z,1,-60.6925,-45.538,,,,,,
fishing,2023-01-16T18:34:05.000Z,2023-01-16T19:05:06.000Z,1,-60.3015,-45.8003,,,,,,
fishing,2023-01-16T17:32:08.000Z,2023-01-16T18:12:08.000Z,1,-60.3143,-45.8761,,,,,,
fishing,2023-01-16T13:22:09.000Z,2023-01-16T15:52:39.000Z,1,-60.3745,-46.1805,,,,,,
fishing,2023-01-12T08:04:28.000Z,2023-01-16T13:10:08.000Z,1,-60.3649,-46.0749,,,,,,
fishing,2023-01-12T03:46:09.000Z,2023-01-12T07:53:09.000Z,1,-60.4143,-46.0759,,,,,,
fishing,2023-01-11T22:53:20.000Z,2023-01-12T03:06:08.000Z,1,-60.4333,-46.0385,,,,,,
fishing,2023-01-11T17:06:29.000Z,2023-01-11T17:27:08.000Z,1,-60.456,-45.5482,,,,,,
fishing,2023-01-11T09:56:01.000Z,2023-01-11T11:37:18.000Z,1,-60.3395,-46.0531,,,,,,
fishing,2023-01-11T07:41:06.000Z,2023-01-11T09:29:09.000Z,1,-60.3405,-45.9371,,,,,,
fishing,2023-01-11T05:35:07.000Z,2023-01-11T06:30:05.000Z,1,-60.4229,-45.7377,,,,,,
fishing,2023-01-11T00:52:39.000Z,2023-01-11T05:24:04.000Z,1,-60.4796,-45.5051,,,,,,
fishing,2023-01-10T13:14:00.000Z,2023-01-11T00:14:08.000Z,1,-60.5329,-45.174,,,,,,
fishing,2023-01-10T02:21:07.000Z,2023-01-10T12:52:09.000Z,1,-60.5539,-44.9558,,,,,,
fishing,2022-12-20T19:40:04.000Z,2023-01-09T14:26:07.000Z,1,-60.3832,-46.2262,,,,,,
fishing,2022-12-20T18:13:10.000Z,2022-12-20T19:28:09.000Z,1,-60.4981,-44.5167,,,,,,
fishing,2022-12-20T16:45:05.000Z,2022-12-20T17:08:02.000Z,1,-60.5132,-44.4858,,,,,,
fishing,2022-12-20T15:07:08.000Z,2022-12-20T15:34:09.000Z,1,-60.5476,-44.4139,,,,,,
fishing,2022-12-20T11:14:17.000Z,2022-12-20T11:52:20.000Z,1,-60.5499,-44.3925,,,,,,
fishing,2022-12-20T08:54:08.000Z,2022-12-20T10:37:48.000Z,1,-60.5526,-44.3143,,,,,,
fishing,2022-12-19T11:44:05.000Z,2022-12-19T12:09:02.000Z,1,-60.7467,-41.9255,,,,,,
fishing,2022-12-08T07:47:17.000Z,2022-12-08T08:25:08.000Z,1,-33.9463,17.2664,,,,,,
fishing,2022-12-08T02:34:28.000Z,2022-12-08T03:39:27.000Z,1,-34.1261,17.3275,,,,,,
fishing,2022-12-07T15:26:34.000Z,2022-12-07T20:13:12.000Z,1,-34.1766,17.1371,,,,,,
fishing,2022-12-07T05:09:30.000Z,2022-12-07T09:25:03.000Z,1,-34.0102,17.3554,,,,,,
fishing,2022-12-07T03:21:00.000Z,2022-12-07T04:30:22.000Z,1,-34.0347,17.4535,,,,,,
fishing,2022-12-06T22:16:01.000Z,2022-12-07T01:35:04.000Z,1,-34.0656,17.3379,,,,,,
fishing,2022-12-06T06:56:16.000Z,2022-12-06T08:44:03.000Z,1,-33.8536,18.4415,,,,,,
fishing,2022-09-18T18:28:06.000Z,2022-09-18T21:43:27.000Z,1,-53.6582,-37.9724,,,,,,
fishing,2022-09-18T17:09:00.000Z,2022-09-18T17:54:09.000Z,1,-53.5924,-38.003,,,,,,
fishing,2022-09-18T13:43:42.000Z,2022-09-18T16:04:09.000Z,1,-53.6265,-38.1221,,,,,,
fishing,2022-09-18T08:07:26.000Z,2022-09-18T13:32:08.000Z,1,-53.5893,-38.0724,,,,,,
fishing,2022-09-07T05:31:09.000Z,2022-09-18T03:22:08.000Z,1,-53.8234,-38.9104,,,,,,
fishing,2022-09-06T20:07:39.000Z,2022-09-07T05:11:39.000Z,1,-53.8506,-39.0313,,,,,,
fishing,2022-08-25T08:40:07.000Z,2022-09-04T18:48:10.000Z,1,-53.8172,-38.9894,,,,,,
fishing,2022-08-23T03:48:38.000Z,2022-08-23T11:03:06.000Z,1,-54.2602,-36.4306,,,,,,
fishing,2022-08-22T01:36:07.000Z,2022-08-22T13:18:08.000Z,1,-53.6956,-38.2084,,,,,,
fishing,2022-08-16T15:01:02.000Z,2022-08-22T01:06:05.000Z,1,-53.6628,-38.0948,,,,,,
fishing,2022-08-16T13:33:04.000Z,2022-08-16T14:27:06.000Z,1,-53.6387,-37.7821,,,,,,
fishing,2022-08-15T12:57:08.000Z,2022-08-15T15:06:04.000Z,1,-54.2954,-36.4212,,,,,,
fishing,2022-08-02T16:12:57.000Z,2022-08-15T05:45:19.000Z,1,-53.6643,-37.5323,,,,,,
fishing,2022-08-02T04:02:00.000Z,2022-08-02T10:07:02.000Z,1,-54.1949,-36.3929,,,,,,
fishing,2022-07-31T08:58:03.000Z,2022-07-31T15:12:05.000Z,1,-54.1723,-36.3266,,,,,,
fishing,2022-07-21T02:32:36.000Z,2022-07-30T21:24:06.000Z,1,-53.8002,-36.5742,,,,,,
fishing,2022-07-20T04:27:03.000Z,2022-07-20T05:01:55.000Z,1,-53.8089,-35.9071,,,,,,
fishing,2022-07-18T09:13:15.000Z,2022-07-18T09:47:56.000Z,1,-53.9999,-35.5748,,,,,,
fishing,2022-07-06T19:19:01.000Z,2022-07-18T06:15:02.000Z,1,-54.0058,-35.9441,,,,,,
fishing,2022-07-04T08:43:04.000Z,2022-07-04T11:41:07.000Z,1,-60.211,-45.5614,,,,,,
fishing,2022-07-01T02:08:03.000Z,2022-07-03T17:25:14.000Z,1,-60.2465,-46.4238,,,,,,
fishing,2022-06-30T16:34:28.000Z,2022-06-30T17:22:03.000Z,1,-59.9954,-48.8089,,,,,,
fishing,2022-06-30T14:36:54.000Z,2022-06-30T15:55:03.000Z,1,-60.0131,-49.0593,,,,,,
fishing,2022-06-29T03:06:21.000Z,2022-06-29T09:59:06.000Z,1,-62.4802,-59.7146,,,,,,
fishing,2022-06-27T21:42:03.000Z,2022-06-28T14:51:16.000Z,1,-62.4812,-59.7171,,,,,,
fishing,2022-06-27T00:17:04.000Z,2022-06-27T19:24:09.000Z,1,-62.4687,-59.7005,,,,,,
fishing,2022-06-26T00:06:53.000Z,2022-06-26T22:14:33.000Z,1,-62.4671,-59.6926,,,,,,
fishing,2022-06-25T11:18:32.000Z,2022-06-25T12:05:15.000Z,1,-62.9371,-60.4752,,,,,,
fishing,2022-06-25T03:59:05.000Z,2022-06-25T11:07:02.000Z,1,-62.9254,-60.3088,,,,,,
fishing,2022-06-24T18:00:01.000Z,2022-06-25T02:52:04.000Z,1,-63.0924,-59.541,,,,,,
fishing,2022-06-15T20:06:02.000Z,2022-06-24T16:42:06.000Z,1,-63.2852,-59.0294,,,,,,
fishing,2022-06-15T09:19:06.000Z,2022-06-15T16:59:03.000Z,1,-63.1134,-58.6705,,,,,,
fishing,2022-06-14T04:10:07.000Z,2022-06-14T09:57:02.000Z,1,-62.2683,-58.2139,,,,,,
fishing,2022-06-14T03:02:02.000Z,2022-06-14T03:43:02.000Z,1,-62.3053,-58.0352,,,,,,
fishing,2022-06-09T14:10:00.000Z,2022-06-13T17:23:08.000Z,1,-62.9441,-57.5996,,,,,,
fishing,2022-06-08T10:08:03.000Z,2022-06-08T19:19:02.000Z,1,-62.5659,-59.4774,,,,,,
fishing,2022-06-07T20:51:05.000Z,2022-06-08T09:12:02.000Z,1,-62.7296,-59.864,,,,,,
fishing,2022-06-05T15:39:16.000Z,2022-06-07T20:35:03.000Z,1,-62.6858,-59.84,,,,,,
fishing,2022-06-05T14:20:02.000Z,2022-06-05T15:27:14.000Z,1,-62.6383,-59.7591,,,,,,
fishing,2022-06-05T13:03:04.000Z,2022-06-05T13:34:03.000Z,1,-62.6645,-59.8546,,,,,,
fishing,2022-06-04T16:13:34.000Z,2022-06-05T12:47:05.000Z,1,-62.7131,-59.7892,,,,,,
fishing,2022-06-03T23:09:13.000Z,2022-06-04T14:39:05.000Z,1,-62.8448,-60.0823,,,,,,
fishing,2022-05-28T00:51:40.000Z,2022-06-03T20:37:10.000Z,1,-63.1027,-60.2007,,,,,,
fishing,2022-05-27T23:16:10.000Z,2022-05-27T23:49:15.000Z,1,-63.0988,-59.692,,,,,,
fishing,2022-05-27T21:39:53.000Z,2022-05-27T22:00:05.000Z,1,-63.0887,-60.0155,,,,,,
fishing,2022-05-26T20:38:02.000Z,2022-05-27T12:45:36.000Z,1,-62.4692,-59.7143,,,,,,
fishing,2022-05-26T01:34:12.000Z,2022-05-26T10:58:56.000Z,1,-62.4711,-59.7144,,,,,,
fishing,2022-05-25T18:59:29.000Z,2022-05-25T22:47:11.000Z,1,-62.5647,-59.2192,,,,,,
fishing,2022-05-25T10:51:09.000Z,2022-05-25T18:26:19.000Z,1,-62.5654,-59.2746,,,,,,
fishing,2022-05-22T01:51:02.000Z,2022-05-25T07:55:01.000Z,1,-63.0825,-59.0775,,,,,,
fishing,2022-05-21T23:53:58.000Z,2022-05-22T01:31:11.000Z,1,-63.1794,-59.1239,,,,,,
fishing,2022-05-10T07:16:00.000Z,2022-05-21T09:54:20.000Z,1,-64.4214,-62.0486,,,,,,
fishing,2022-05-06T20:26:50.000Z,2022-05-09T10:57:00.000Z,1,-63.7275,-60.4315,,,,,,
fishing,2022-05-06T19:21:00.000Z,2022-05-06T19:54:10.000Z,1,-63.7065,-60.4454,,,,,,
fishing,2022-05-06T17:34:01.000Z,2022-05-06T19:09:03.000Z,1,-63.6481,-60.5155,,,,,,
fishing,2022-05-06T11:17:10.000Z,2022-05-06T11:39:21.000Z,1,-63.2447,-60.202,,,,,,
fishing,2022-05-06T10:04:12.000Z,2022-05-06T10:29:00.000Z,1,-63.2644,-60.0029,,,,,,
fishing,2022-05-01T04:53:08.000Z,2022-05-06T04:18:02.000Z,1,-63.3307,-59.1903,,,,,,
fishing,2022-04-29T07:53:55.000Z,2022-04-29T10:16:04.000Z,1,-62.4712,-59.705,,,,,,
fishing,2022-04-29T01:21:15.000Z,2022-04-29T03:09:14.000Z,1,-62.4616,-59.6413,,,,,,
fishing,2022-04-28T18:34:03.000Z,2022-04-29T00:27:06.000Z,1,-62.5237,-59.2751,,,,,,
fishing,2022-04-28T14:59:03.000Z,2022-04-28T17:29:13.000Z,1,-62.6016,-59.3979,,,,,,
fishing,2022-04-22T01:17:07.000Z,2022-04-28T07:02:02.000Z,1,-63.1764,-58.9,,,,,,
fishing,2022-04-16T13:37:09.000Z,2022-04-21T12:41:22.000Z,1,-62.6294,-55.5554,,,,,,
fishing,2022-04-16T12:21:08.000Z,2022-04-16T12:56:07.000Z,1,-62.6689,-56.3241,,,,,,
fishing,2022-04-14T16:15:18.000Z,2022-04-15T16:38:20.000Z,1,-62.4762,-59.7186,,,,,,
fishing,2022-04-01T07:54:11.000Z,2022-04-13T22:08:03.000Z,1,-62.6509,-55.3675,,,,,,
fishing,2022-03-31T03:19:09.000Z,2022-03-31T13:06:20.000Z,1,-64.2395,-61.3624,,,,,,
fishing,2022-03-30T14:42:08.000Z,2022-03-31T02:16:00.000Z,1,-64.3551,-61.7643,,,,,,
fishing,2022-03-27T13:33:00.000Z,2022-03-27T14:47:20.000Z,1,-60.4653,-45.5757,,,,,,
fishing,2022-03-25T19:44:27.000Z,2022-03-26T09:46:14.000Z,1,-60.6951,-45.5649,,,,,,
fishing,2022-03-25T18:42:09.000Z,2022-03-25T19:09:07.000Z,1,-60.6815,-45.5611,,,,,,
fishing,2022-03-24T16:06:40.000Z,2022-03-24T22:43:00.000Z,1,-60.3203,-45.9787,,,,,,
fishing,2022-03-19T14:24:04.000Z,2022-03-24T12:46:12.000Z,1,-60.3087,-46.3907,,,,,,
fishing,2022-03-13T14:56:05.000Z,2022-03-19T11:41:02.000Z,1,-60.2855,-46.5277,,,,,,
fishing,2022-03-10T22:32:10.000Z,2022-03-11T11:33:02.000Z,1,-60.5769,-45.3042,,,,,,
fishing,2022-03-09T20:12:39.000Z,2022-03-10T11:37:00.000Z,1,-60.5665,-45.2612,,,,,,
fishing,2022-03-09T11:37:39.000Z,2022-03-09T14:55:17.000Z,1,-60.4561,-45.2914,,,,,,
fishing,2022-03-02T18:11:08.000Z,2022-03-09T05:13:07.000Z,1,-60.2839,-46.1885,,,,,,
fishing,2022-03-02T15:05:08.000Z,2022-03-02T15:27:07.000Z,1,-60.3734,-45.4972,,,,,,
fishing,2022-02-20T17:15:08.000Z,2022-03-02T11:48:05.000Z,1,-60.0838,-45.562,,,,,,
fishing,2022-02-20T00:19:32.000Z,2022-02-20T04:58:34.000Z,1,-60.6035,-45.3228,,,,,,
fishing,2022-02-18T17:53:05.000Z,2022-02-18T21:13:14.000Z,1,-60.0184,-46.8967,,,,,,
fishing,2022-02-18T13:31:05.000Z,2022-02-18T14:19:15.000Z,1,-59.989,-46.7586,,,,,,
fishing,2022-02-17T16:52:08.000Z,2022-02-18T13:14:28.000Z,1,-60.011,-46.6695,,,,,,
fishing,2022-02-14T06:37:37.000Z,2022-02-17T16:38:00.000Z,1,-60.1387,-46.4526,,,,,,
fishing,2022-02-14T05:27:08.000Z,2022-02-14T06:19:07.000Z,1,-60.2869,-46.4349,,,,,,
fishing,2022-02-14T00:58:06.000Z,2022-02-14T05:17:00.000Z,1,-60.3166,-46.4264,,,,,,
fishing,2022-02-13T19:23:07.000Z,2022-02-13T21:07:00.000Z,1,-60.0649,-47.6066,,,,,,
fishing,2022-02-06T17:03:06.000Z,2022-02-13T14:26:28.000Z,1,-60.0751,-46.7959,,,,,,
fishing,2022-02-05T16:52:06.000Z,2022-02-06T16:44:05.000Z,1,-60.0665,-46.9049,,,,,,
fishing,2022-02-02T17:07:19.000Z,2022-02-05T15:51:07.000Z,1,-60.134,-47.049,,,,,,
fishing,2022-01-31T17:41:06.000Z,2022-02-02T14:36:34.000Z,1,-60.1489,-46.3116,,,,,,
fishing,2022-01-31T16:17:08.000Z,2022-01-31T17:24:36.000Z,1,-60.2499,-46.0139,,,,,,
fishing,2022-01-31T09:51:05.000Z,2022-01-31T11:30:46.000Z,1,-60.256,-46.0048,,,,,,
fishing,2022-01-28T22:19:54.000Z,2022-01-29T04:20:00.000Z,1,-60.5979,-45.3169,,,,,,
fishing,2022-01-28T19:22:54.000Z,2022-01-28T20:56:00.000Z,1,-60.5981,-45.3162,,,,,,
fishing,2022-01-28T13:07:24.000Z,2022-01-28T14:00:09.000Z,1,-60.5939,-45.3118,,,,,,
fishing,2022-01-26T17:36:03.000Z,2022-01-27T12:03:01.000Z,1,-60.0883,-46.6806,,,,,,
fishing,2022-01-26T16:09:01.000Z,2022-01-26T16:29:50.000Z,1,-60.1255,-46.887,,,,,,
fishing,2022-01-20T14:47:28.000Z,2022-01-26T15:29:40.000Z,1,-60.1086,-46.5022,,,,,,
fishing,2022-01-12T18:04:17.000Z,2022-01-20T14:27:07.000Z,1,-60.2786,-46.0828,,,,,,
fishing,2022-01-12T16:21:20.000Z,2022-01-12T17:33:09.000Z,1,-60.3534,-46.1677,,,,,,
fishing,2022-01-12T14:56:09.000Z,2022-01-12T15:59:09.000Z,1,-60.4067,-46.1652,,,,,,
fishing,2022-01-09T08:00:06.000Z,2022-01-12T10:54:01.000Z,1,-60.3153,-45.9567,,,,,,
fishing,2022-01-04T17:00:01.000Z,2022-01-05T06:34:08.000Z,1,-60.355,-45.7563,,,,,,
fishing,2022-01-04T15:26:00.000Z,2022-01-04T16:10:01.000Z,1,-60.3293,-45.7496,,,,,,
fishing,2022-01-03T15:22:13.000Z,2022-01-04T14:38:00.000Z,1,-60.4015,-45.8471,,,,,,
fishing,2021-12-31T17:24:01.000Z,2022-01-03T13:31:05.000Z,1,-60.3891,-45.7332,,,,,,
fishing,2021-12-31T09:55:41.000Z,2021-12-31T10:40:00.000Z,1,-60.7103,-45.522,,,,,,
fishing,2021-12-27T17:53:10.000Z,2021-12-30T04:56:03.000Z,1,-60.1706,-47.0767,,,,,,
fishing,2021-12-27T15:35:30.000Z,2021-12-27T16:25:10.000Z,1,-60.1167,-46.9511,,,,,,
fishing,2021-12-25T16:47:01.000Z,2021-12-27T14:34:05.000Z,1,-60.0855,-47.0594,,,,,,
fishing,2021-12-20T12:34:00.000Z,2021-12-25T16:40:00.000Z,1,-60.2123,-46.6668,,,,,,
fishing,2021-12-14T16:35:26.000Z,2021-12-14T17:21:00.000Z,1,-60.3219,-45.6979,,,,,,
fishing,2021-12-07T02:37:23.000Z,2021-12-14T04:24:07.000Z,1,-60.3823,-45.9528,,,,,,
fishing,2021-12-06T11:10:14.000Z,2021-12-07T02:14:02.000Z,1,-60.3151,-46.6761,,,,,,
fishing,2021-12-05T17:04:02.000Z,2021-12-05T17:46:18.000Z,1,-60.5839,-45.0072,,,,,,
fishing,2021-12-05T06:46:02.000Z,2021-12-05T10:07:04.000Z,1,-60.7135,-45.5311,,,,,,
fishing,2021-12-05T05:59:01.000Z,2021-12-05T06:34:01.000Z,1,-60.7038,-45.5039,,,,,,
fishing,2021-12-04T23:37:02.000Z,2021-12-05T00:21:02.000Z,1,-60.6686,-45.5446,,,,,,
fishing,2021-12-04T03:36:05.000Z,2021-12-04T11:35:24.000Z,1,-60.7097,-45.5274,,,,,,
fishing,2021-12-03T16:52:00.000Z,2021-12-03T17:31:03.000Z,1,-60.3268,-46.4227,,,,,,
fishing,2021-12-02T16:58:03.000Z,2021-12-03T13:28:04.000Z,1,-60.3413,-46.5374,,,,,,
fishing,2021-11-25T18:02:33.000Z,2021-12-02T16:42:03.000Z,1,-60.4343,-46.158,,,,,,
fishing,2021-11-20T23:15:13.000Z,2021-11-21T01:05:01.000Z,1,-41.4528,-54.9899,,,,,,
fishing,2021-11-20T21:24:37.000Z,2021-11-20T22:40:44.000Z,1,-41.4318,-55.036,,,,,,
fishing,2021-11-20T12:33:53.000Z,2021-11-20T12:58:13.000Z,1,-41.252,-55.0866,,,,,,
fishing,2021-11-14T12:53:10.000Z,2021-11-14T14:33:19.000Z,1,-36.8693,-52.9614,,,,,,
fishing,2021-11-13T21:13:52.000Z,2021-11-14T10:44:00.000Z,1,-36.9203,-53.1619,,,,,,
fishing,2021-11-11T13:33:30.000Z,2021-11-12T18:15:44.000Z,1,-35.0502,-56.0127,,,,,,
fishing,2021-11-10T22:56:36.000Z,2021-11-11T12:06:28.000Z,1,-35.0503,-56.0122,,,,,,
fishing,2021-10-13T17:00:02.000Z,2021-10-13T18:17:04.000Z,1,-35.0087,-56.1664,,,,,,
fishing,2021-10-13T00:13:45.000Z,2021-10-13T00:53:05.000Z,1,-35.3432,-55.0231,,,,,,
fishing,2021-10-12T16:02:38.000Z,2021-10-12T23:23:37.000Z,1,-35.3226,-55.2253,,,,,,
fishing,2021-10-12T09:56:48.000Z,2021-10-12T11:21:05.000Z,1,-35.283,-55.2998,,,,,,
fishing,2021-10-12T07:30:54.000Z,2021-10-12T08:19:04.000Z,1,-35.5044,-55.082,,,,,,
fishing,2021-10-09T16:15:02.000Z,2021-10-09T19:11:04.000Z,1,-45.1076,-51.042,,,,,,
fishing,2021-10-08T11:53:00.000Z,2021-10-08T12:32:30.000Z,1,-51.0613,-49.507,,,,,,
fishing,2021-10-06T07:03:08.000Z,2021-10-06T13:47:08.000Z,1,-60.3141,-46.5469,,,,,,
fishing,2021-10-06T02:28:10.000Z,2021-10-06T05:30:05.000Z,1,-60.3869,-46.5712,,,,,,
fishing,2021-10-05T20:46:08.000Z,2021-10-05T21:21:07.000Z,1,-60.3817,-46.6381,,,,,,
fishing,2021-09-20T20:20:35.000Z,2021-10-05T20:35:08.000Z,1,-60.3432,-46.54,,,,,,
fishing,2021-09-20T15:56:00.000Z,2021-09-20T20:03:03.000Z,1,-60.3585,-46.5376,,,,,,
fishing,2021-09-17T02:57:10.000Z,2021-09-20T15:31:17.000Z,1,-60.3813,-46.42,,,,,,
fishing,2021-09-16T08:07:06.000Z,2021-09-16T23:23:03.000Z,1,-60.3712,-46.0499,,,,,,
fishing,2021-09-14T20:31:07.000Z,2021-09-15T23:55:20.000Z,1,-60.3127,-46.6,,,,,,
fishing,2021-09-14T15:50:01.000Z,2021-09-14T17:57:09.000Z,1,-60.5475,-46.4089,,,,,,
fishing,2021-09-14T09:07:29.000Z,2021-09-14T14:53:07.000Z,1,-60.3881,-46.4643,,,,,,
fishing,2021-09-14T02:28:04.000Z,2021-09-14T05:19:02.000Z,1,-60.3504,-46.7864,,,,,,
fishing,2021-09-13T04:55:03.000Z,2021-09-14T01:38:00.000Z,1,-60.3437,-46.9585,,,,,,
fishing,2021-09-13T03:32:08.000Z,2021-09-13T04:33:01.000Z,1,-60.3887,-46.6324,,,,,,
fishing,2021-09-12T19:51:20.000Z,2021-09-12T22:03:47.000Z,1,-60.3779,-46.9429,,,,,,
fishing,2021-09-12T14:46:02.000Z,2021-09-12T17:59:51.000Z,1,-60.3418,-46.7131,,,,,,
fishing,2021-09-12T13:48:00.000Z,2021-09-12T14:34:08.000Z,1,-60.3805,-46.8964,,,,,,
fishing,2021-09-12T05:31:09.000Z,2021-09-12T09:23:06.000Z,1,-60.9406,-46.9486,,,,,,
fishing,2021-09-11T21:44:39.000Z,2021-09-11T22:13:09.000Z,1,-60.4913,-47.19,,,,,,
fishing,2021-09-11T18:04:09.000Z,2021-09-11T19:11:03.000Z,1,-60.4192,-46.9658,,,,,,
fishing,2021-09-11T13:12:10.000Z,2021-09-11T13:43:14.000Z,1,-60.1036,-46.8732,,,,,,
fishing,2021-09-11T05:54:11.000Z,2021-09-11T10:05:07.000Z,1,-60.1393,-46.5269,,,,,,
fishing,2021-09-08T14:20:03.000Z,2021-09-11T03:05:09.000Z,1,-59.9944,-46.7921,,,,,,
fishing,2021-09-04T18:32:08.000Z,2021-09-08T13:54:02.000Z,1,-59.8121,-47.2099,,,,,,
fishing,2021-09-04T14:52:01.000Z,2021-09-04T15:13:01.000Z,1,-59.3788,-46.4349,,,,,,
fishing,2021-09-03T11:46:14.000Z,2021-09-04T09:29:06.000Z,1,-58.7381,-45.4988,,,,,,
fishing,2021-09-02T11:53:09.000Z,2021-09-03T08:17:00.000Z,1,-59.4727,-45.1972,,,,,,
fishing,2021-08-29T15:07:09.000Z,2021-09-02T10:41:08.000Z,1,-59.4001,-45.0488,,,,,,
fishing,2021-08-28T18:51:42.000Z,2021-08-29T12:09:14.000Z,1,-58.9525,-44.5364,,,,,,
fishing,2021-08-28T13:50:06.000Z,2021-08-28T18:22:10.000Z,1,-58.7748,-44.5933,,,,,,
fishing,2021-08-28T13:12:07.000Z,2021-08-28T13:38:39.000Z,1,-58.8428,-44.6128,,,,,,
fishing,2021-08-27T20:16:31.000Z,2021-08-28T10:12:02.000Z,1,-58.9688,-44.5276,,,,,,
fishing,2021-08-27T18:00:26.000Z,2021-08-27T19:03:02.000Z,1,-58.974,-44.5283,,,,,,
fishing,2021-08-27T16:03:11.000Z,2021-08-27T16:27:08.000Z,1,-59.1438,-44.3631,,,,,,
fishing,2021-08-26T10:30:08.000Z,2021-08-27T09:52:15.000Z,1,-59.2225,-44.4777,,,,,,
fishing,2021-08-26T02:25:17.000Z,2021-08-26T08:46:06.000Z,1,-59.0121,-44.851,,,,,,
fishing,2021-08-25T23:33:01.000Z,2021-08-26T01:39:29.000Z,1,-58.925,-45.0338,,,,,,
fishing,2021-08-25T22:39:41.000Z,2021-08-25T23:00:17.000Z,1,-58.9085,-44.8992,,,,,,
fishing,2021-08-25T20:53:00.000Z,2021-08-25T22:25:38.000Z,1,-58.8969,-44.8435,,,,,,
fishing,2021-08-25T17:28:07.000Z,2021-08-25T19:11:26.000Z,1,-58.9653,-44.7782,,,,,,
fishing,2021-08-25T11:10:16.000Z,2021-08-25T16:53:08.000Z,1,-59.0161,-44.725,,,,,,
fishing,2021-08-24T20:04:08.000Z,2021-08-25T09:23:06.000Z,1,-59.0924,-44.8151,,,,,,
fishing,2021-08-23T21:03:06.000Z,2021-08-24T10:03:01.000Z,1,-59.2815,-44.6969,,,,,,
fishing,2021-08-23T18:46:46.000Z,2021-08-23T20:47:08.000Z,1,-59.3007,-44.7678,,,,,,
fishing,2021-08-23T17:29:38.000Z,2021-08-23T18:27:06.000Z,1,-59.2957,-44.8342,,,,,,
fishing,2021-08-23T13:01:17.000Z,2021-08-23T16:17:00.000Z,1,-59.2808,-44.9853,,,,,,
fishing,2021-08-22T20:20:18.000Z,2021-08-23T09:48:08.000Z,1,-59.1514,-45.2132,,,,,,
fishing,2021-08-21T18:11:03.000Z,2021-08-22T10:12:03.000Z,1,-59.2821,-45.4714,,,,,,
fishing,2021-08-21T14:01:07.000Z,2021-08-21T17:42:03.000Z,1,-59.417,-45.6935,,,,,,
fishing,2021-08-20T23:35:04.000Z,2021-08-21T10:44:04.000Z,1,-59.5167,-45.5852,,,,,,
fishing,2021-08-17T15:05:02.000Z,2021-08-20T23:17:01.000Z,1,-60.2002,-45.5677,,,,,,
fishing,2021-08-16T09:04:01.000Z,2021-08-17T14:53:07.000Z,1,-60.5127,-45.2325,,,,,,
fishing,2021-08-16T07:45:05.000Z,2021-08-16T08:45:45.000Z,1,-60.4529,-45.3883,,,,,,
fishing,2021-08-16T05:01:04.000Z,2021-08-16T06:15:03.000Z,1,-60.4346,-45.1008,,,,,,
fishing,2021-08-15T20:54:42.000Z,2021-08-16T02:37:02.000Z,1,-60.2174,-45.3084,,,,,,
fishing,2021-08-13T03:48:52.000Z,2021-08-15T20:27:16.000Z,1,-60.1573,-46.4153,,,,,,
fishing,2021-08-12T13:46:14.000Z,2021-08-13T02:27:03.000Z,1,-60.4199,-46.2044,,,,,,
fishing,2021-08-11T22:46:13.000Z,2021-08-12T09:09:10.000Z,1,-60.5402,-45.1933,,,,,,
fishing,2021-08-11T19:30:03.000Z,2021-08-11T21:56:13.000Z,1,-60.5337,-45.3197,,,,,,
fishing,2021-08-11T17:56:04.000Z,2021-08-11T18:57:03.000Z,1,-60.5069,-45.4575,,,,,,
fishing,2021-08-11T14:22:33.000Z,2021-08-11T17:21:02.000Z,1,-60.4707,-45.4249,,,,,,
fishing,2021-08-11T12:59:31.000Z,2021-08-11T13:49:02.000Z,1,-60.4488,-45.0992,,,,,,
fishing,2021-08-11T11:34:06.000Z,2021-08-11T11:57:14.000Z,1,-60.5064,-44.9824,,,,,,
fishing,2021-08-10T18:08:02.000Z,2021-08-11T09:57:01.000Z,1,-60.5897,-45.2878,,,,,,
fishing,2021-08-10T07:50:25.000Z,2021-08-10T11:56:03.000Z,1,-60.3644,-46.0523,,,,,,
fishing,2021-08-10T06:09:15.000Z,2021-08-10T07:38:04.000Z,1,-60.3859,-46.2139,,,,,,
fishing,2021-08-08T00:39:03.000Z,2021-08-10T04:47:05.000Z,1,-60.3779,-46.3024,,,,,,
fishing,2021-08-07T01:30:05.000Z,2021-08-07T22:57:02.000Z,1,-60.4141,-46.2756,,,,,,
fishing,2021-08-06T14:37:41.000Z,2021-08-07T01:18:02.000Z,1,-60.4057,-46.3236,,,,,,
fishing,2021-08-05T23:11:45.000Z,2021-08-06T11:50:03.000Z,1,-60.1752,-46.4571,,,,,,
fishing,2021-08-05T19:02:01.000Z,2021-08-05T22:49:25.000Z,1,-60.2355,-46.3121,,,,,,
fishing,2021-08-03T01:09:14.000Z,2021-08-05T18:44:06.000Z,1,-60.3218,-46.5067,,,,,,
fishing,2021-07-18T19:25:04.000Z,2021-08-03T00:44:02.000Z,1,-60.173,-46.2828,,,,,,
fishing,2021-07-18T14:37:24.000Z,2021-07-18T19:03:28.000Z,1,-60.3253,-46.6591,,,,,,
fishing,2021-07-15T14:31:09.000Z,2021-07-18T13:15:02.000Z,1,-60.1673,-46.7133,,,,,,
fishing,2021-07-15T09:41:01.000Z,2021-07-15T10:41:11.000Z,1,-60.4268,-45.5056,,,,,,
fishing,2021-07-15T07:39:04.000Z,2021-07-15T08:04:08.000Z,1,-60.4818,-45.1644,,,,,,
fishing,2021-07-14T01:15:26.000Z,2021-07-15T06:41:04.000Z,1,-60.5785,-45.2885,,,,,,
fishing,2021-07-13T20:08:08.000Z,2021-07-13T20:50:00.000Z,1,-60.3686,-46.2153,,,,,,
fishing,2021-07-13T04:08:02.000Z,2021-07-13T19:46:06.000Z,1,-60.4521,-46.1575,,,,,,
fishing,2021-07-12T02:49:03.000Z,2021-07-13T03:28:05.000Z,1,-60.4854,-46.105,,,,,,
fishing,2021-07-12T00:47:18.000Z,2021-07-12T01:25:14.000Z,1,-60.5111,-46.1168,,,,,,
fishing,2021-07-07T18:38:09.000Z,2021-07-11T23:51:11.000Z,1,-60.4014,-46.3574,,,,,,
fishing,2021-07-07T07:00:59.000Z,2021-07-07T15:59:13.000Z,1,-60.4405,-45.5922,,,,,,
fishing,2021-07-01T00:54:09.000Z,2021-07-07T03:10:00.000Z,1,-60.357,-46.4931,,,,,,
fishing,2021-06-24T07:45:34.000Z,2021-07-01T00:42:09.000Z,1,-60.4345,-46.2444,,,,,,
fishing,2021-06-24T05:42:07.000Z,2021-06-24T07:21:03.000Z,1,-60.3782,-46.2381,,,,,,
fishing,2021-06-21T06:13:37.000Z,2021-06-21T13:09:06.000Z,1,-54.4077,-35.3509,,,,,,
fishing,2021-06-20T04:23:09.000Z,2021-06-20T10:05:08.000Z,1,-54.1551,-35.6434,,,,,,
fishing,2021-06-19T23:22:06.000Z,2021-06-19T23:42:08.000Z,1,-54.5615,-35.2414,,,,,,
fishing,2021-06-19T21:34:57.000Z,2021-06-19T23:12:10.000Z,1,-54.4762,-35.2747,,,,,,
fishing,2021-06-17T10:11:02.000Z,2021-06-17T11:01:18.000Z,1,-54.0304,-36.0747,,,,,,
fishing,2021-06-12T18:38:02.000Z,2021-06-13T03:04:41.000Z,1,-60.5704,-45.2883,,,,,,
fishing,2021-06-12T15:41:06.000Z,2021-06-12T17:14:02.000Z,1,-60.447,-45.7172,,,,,,
fishing,2021-06-10T03:44:00.000Z,2021-06-12T14:58:05.000Z,1,-60.4347,-46.1247,,,,,,
fishing,2021-06-09T21:07:36.000Z,2021-06-09T21:34:05.000Z,1,-60.4468,-45.8264,,,,,,
fishing,2021-06-09T18:51:19.000Z,2021-06-09T20:08:29.000Z,1,-60.4529,-45.6183,,,,,,
fishing,2021-06-09T17:12:35.000Z,2021-06-09T17:44:06.000Z,1,-60.4545,-45.3396,,,,,,
fishing,2021-06-09T13:52:23.000Z,2021-06-09T16:17:18.000Z,1,-60.4391,-45.0645,,,,,,
fishing,2021-06-09T05:01:02.000Z,2021-06-09T13:36:06.000Z,1,-60.4533,-44.9935,,,,,,
fishing,2021-06-08T19:53:18.000Z,2021-06-09T01:55:06.000Z,1,-60.5242,-45.0546,,,,,,
fishing,2021-06-07T02:14:30.000Z,2021-06-08T17:35:35.000Z,1,-60.4646,-46.0358,,,,,,
fishing,2021-06-06T16:15:06.000Z,2021-06-07T01:27:04.000Z,1,-60.4252,-46.0449,,,,,,
fishing,2021-06-04T16:24:00.000Z,2021-06-04T18:21:02.000Z,1,-63.0125,-58.1171,,,,,,
fishing,2021-05-27T16:49:13.000Z,2021-06-04T16:12:02.000Z,1,-62.9728,-57.9803,,,,,,
fishing,2021-05-26T18:26:57.000Z,2021-05-26T19:06:03.000Z,1,-62.5059,-59.4311,,,,,,
fishing,2021-05-26T06:20:21.000Z,2021-05-26T10:59:23.000Z,1,-62.4833,-59.7203,,,,,,
fishing,2021-05-25T21:54:25.000Z,2021-05-26T03:11:28.000Z,1,-62.4832,-59.7201,,,,,,
fishing,2021-05-25T00:22:05.000Z,2021-05-25T14:16:01.000Z,1,-62.4828,-59.7201,,,,,,
fishing,2021-05-21T16:43:02.000Z,2021-05-24T14:15:02.000Z,1,-62.7864,-57.1368,,,,,,
fishing,2021-05-21T15:24:06.000Z,2021-05-21T15:45:03.000Z,1,-62.8139,-56.9645,,,,,,
fishing,2021-05-20T19:42:30.000Z,2021-05-20T22:04:22.000Z,1,-63.496,-59.1368,,,,,,
fishing,2021-05-12T06:33:00.000Z,2021-05-20T11:14:00.000Z,1,-62.8332,-57.4763,,,,,,
fishing,2021-05-12T03:29:08.000Z,2021-05-12T05:45:07.000Z,1,-62.7936,-57.5076,,,,,,
fishing,2021-05-12T01:02:04.000Z,2021-05-12T03:09:02.000Z,1,-62.783,-57.4777,,,,,,
fishing,2021-05-11T21:57:05.000Z,2021-05-12T00:14:09.000Z,1,-62.9385,-57.5199,,,,,,
fishing,2021-05-06T04:48:30.000Z,2021-05-11T17:23:08.000Z,1,-63.0513,-58.6898,,,,,,
fishing,2021-05-04T22:53:53.000Z,2021-05-05T12:24:00.000Z,1,-64.3489,-61.99,,,,,,
fishing,2021-05-04T15:23:45.000Z,2021-05-04T21:44:50.000Z,1,-64.334,-61.9275,,,,,,
fishing,2021-04-25T10:40:04.000Z,2021-05-04T12:02:51.000Z,1,-64.3052,-61.4725,,,,,,
fishing,2021-04-25T08:45:03.000Z,2021-04-25T10:20:03.000Z,1,-64.2042,-61.2021,,,,,,
fishing,2021-04-25T07:37:04.000Z,2021-04-25T08:29:01.000Z,1,-64.1598,-61.1885,,,,,,
fishing,2021-04-25T06:07:02.000Z,2021-04-25T06:32:01.000Z,1,-64.2601,-61.3391,,,,,,
fishing,2021-04-25T04:16:02.000Z,2021-04-25T04:37:00.000Z,1,-64.3099,-61.3398,,,,,,
fishing,2021-04-24T17:36:08.000Z,2021-04-24T18:20:29.000Z,1,-63.5899,-60.9234,,,,,,
fishing,2021-04-24T12:57:01.000Z,2021-04-24T13:28:19.000Z,1,-63.7659,-59.6348,,,,,,
fishing,2021-04-09T16:58:12.000Z,2021-04-24T00:12:07.000Z,1,-63.8079,-59.9366,,,,,,
fishing,2021-04-07T23:09:28.000Z,2021-04-08T09:45:44.000Z,1,-62.4622,-59.71,,,,,,
fishing,2021-04-06T11:46:58.000Z,2021-04-06T13:13:07.000Z,1,-62.464,-59.7019,,,,,,
fishing,2021-04-06T09:41:02.000Z,2021-04-06T10:05:28.000Z,1,-62.4926,-59.4059,,,,,,
fishing,2021-04-06T06:16:03.000Z,2021-04-06T06:47:09.000Z,1,-62.786,-59.1069,,,,,,
fishing,2021-04-05T16:17:09.000Z,2021-04-05T19:32:28.000Z,1,-63.8174,-60.1265,,,,,,
fishing,2021-04-05T12:38:02.000Z,2021-04-05T15:41:16.000Z,1,-63.8668,-60.0276,,,,,,
fishing,2021-03-26T18:13:05.000Z,2021-04-05T11:10:26.000Z,1,-63.5208,-59.4105,,,,,,
fishing,2021-03-23T15:37:04.000Z,2021-03-26T17:55:07.000Z,1,-63.6001,-59.308,,,,,,
fishing,2021-03-23T00:21:21.000Z,2021-03-23T14:59:03.000Z,1,-63.5691,-59.2208,,,,,,
fishing,2021-03-20T09:58:01.000Z,2021-03-20T11:22:09.000Z,1,-60.5787,-45.2526,,,,,,
fishing,2021-03-20T04:14:24.000Z,2021-03-20T09:48:10.000Z,1,-60.5638,-45.2368,,,,,,
fishing,2021-03-19T22:33:07.000Z,2021-03-20T02:35:02.000Z,1,-60.6069,-45.1959,,,,,,
fishing,2021-03-19T20:05:20.000Z,2021-03-19T20:26:01.000Z,1,-60.7915,-44.9588,,,,,,
fishing,2021-03-19T14:33:03.000Z,2021-03-19T17:08:00.000Z,1,-60.6291,-45.1594,,,,,,
fishing,2021-03-19T12:57:13.000Z,2021-03-19T14:02:06.000Z,1,-60.6897,-45.1402,,,,,,
fishing,2021-03-19T07:42:58.000Z,2021-03-19T11:03:03.000Z,1,-60.5401,-44.9507,,,,,,
fishing,2021-03-19T06:45:55.000Z,2021-03-19T07:10:11.000Z,1,-60.5556,-44.7151,,,,,,
fishing,2021-03-19T05:08:15.000Z,2021-03-19T05:43:05.000Z,1,-60.5945,-44.6718,,,,,,
fishing,2021-03-18T23:45:42.000Z,2021-03-19T00:14:09.000Z,1,-60.5959,-44.6546,,,,,,
fishing,2021-03-08T00:15:08.000Z,2021-03-18T21:09:00.000Z,1,-60.5847,-45.1191,,,,,,
fishing,2021-03-07T21:01:01.000Z,2021-03-07T21:40:12.000Z,1,-60.4494,-45.741,,,,,,
fishing,2021-03-07T18:42:09.000Z,2021-03-07T20:06:47.000Z,1,-60.4586,-45.6558,,,,,,
fishing,2021-03-07T11:25:07.000Z,2021-03-07T12:45:18.000Z,1,-60.4397,-45.7655,,,,,,
fishing,2021-03-03T18:21:30.000Z,2021-03-04T04:43:12.000Z,1,-60.5757,-45.2728,,,,,,
fishing,2021-03-03T17:09:10.000Z,2021-03-03T17:44:21.000Z,1,-60.5968,-45.1686,,,,,,
fishing,2021-03-03T15:35:01.000Z,2021-03-03T16:16:24.000Z,1,-60.5779,-45.272,,,,,,
fishing,2021-02-27T15:24:10.000Z,2021-03-03T14:34:03.000Z,1,-60.5228,-45.2482,,,,,,
fishing,2021-02-26T16:15:03.000Z,2021-02-27T14:58:06.000Z,1,-60.5407,-45.2245,,,,,,
fishing,2021-02-19T15:54:10.000Z,2021-02-26T16:03:29.000Z,1,-60.5808,-45.2022,,,,,,
fishing,2021-02-19T03:36:07.000Z,2021-02-19T04:01:00.000Z,1,-60.5037,-45.3328,,,,,,
fishing,2021-02-18T23:48:02.000Z,2021-02-19T03:20:03.000Z,1,-60.531,-45.2237,,,,,,
fishing,2021-02-17T21:52:22.000Z,2021-02-18T10:58:25.000Z,1,-60.7194,-45.5443,,,,,,
fishing,2021-02-17T17:06:45.000Z,2021-02-17T18:03:19.000Z,1,-60.7145,-45.5292,,,,,,
fishing,2021-02-16T19:34:09.000Z,2021-02-17T05:18:46.000Z,1,-60.6972,-45.5656,,,,,,
fishing,2021-02-16T08:11:27.000Z,2021-02-16T12:05:10.000Z,1,-60.6944,-45.5531,,,,,,
fishing,2021-02-15T15:42:11.000Z,2021-02-15T16:19:00.000Z,1,-60.1617,-46.3526,,,,,,
fishing,2021-02-15T14:20:08.000Z,2021-02-15T14:55:02.000Z,1,-60.2164,-46.5137,,,,,,
fishing,2021-02-11T14:26:29.000Z,2021-02-15T13:04:51.000Z,1,-60.3352,-46.583,,,,,,
fishing,2021-02-09T06:59:05.000Z,2021-02-11T14:10:52.000Z,1,-60.421,-46.2002,,,,,,
fishing,2021-02-08T18:19:12.000Z,2021-02-09T06:39:47.000Z,1,-60.4226,-46.2128,,,,,,
fishing,2021-02-08T17:14:54.000Z,2021-02-08T17:35:07.000Z,1,-60.466,-46.0693,,,,,,
fishing,2021-01-30T14:09:11.000Z,2021-02-08T11:18:19.000Z,1,-60.3571,-46.2896,,,,,,
fishing,2021-01-30T02:10:37.000Z,2021-01-30T11:58:10.000Z,1,-60.3954,-46.0239,,,,,,
fishing,2021-01-28T20:36:08.000Z,2021-01-29T08:30:05.000Z,1,-60.47,-45.8866,,,,,,
fishing,2021-01-27T16:35:07.000Z,2021-01-28T18:57:06.000Z,1,-60.4721,-45.9355,,,,,,
fishing,2021-01-27T12:16:09.000Z,2021-01-27T13:21:07.000Z,1,-60.4011,-46.008,,,,,,
fishing,2021-01-27T10:57:05.000Z,2021-01-27T11:54:05.000Z,1,-60.4483,-46.1234,,,,,,
fishing,2021-01-12T21:11:33.000Z,2021-01-27T10:05:01.000Z,1,-60.35,-46.0972,,,,,,
fishing,2021-01-10T16:00:50.000Z,2021-01-10T17:10:06.000Z,1,-62.4997,-55.9351,,,,,,
fishing,2021-01-10T05:57:58.000Z,2021-01-10T14:28:05.000Z,1,-62.5413,-55.9295,,,,,,
fishing,2021-01-09T18:25:39.000Z,2021-01-10T05:45:02.000Z,1,-62.5848,-55.9984,,,,,,
fishing,2021-01-07T02:00:06.000Z,2021-01-09T17:44:18.000Z,1,-62.5808,-56.0692,,,,,,
fishing,2021-01-06T22:03:00.000Z,2021-01-06T23:27:00.000Z,1,-62.6169,-56.6168,,,,,,
fishing,2020-12-31T06:37:37.000Z,2021-01-06T13:59:07.000Z,1,-62.7099,-57.3357,,,,,,
fishing,2020-12-30T19:46:09.000Z,2020-12-30T23:59:17.000Z,1,-62.7441,-57.2366,,,,,,
fishing,2020-12-30T13:46:02.000Z,2020-12-30T14:49:10.000Z,1,-62.6486,-57.2286,,,,,,
fishing,2020-12-30T11:17:17.000Z,2020-12-30T12:54:08.000Z,1,-62.6665,-57.3106,,,,,,
fishing,2020-12-30T10:27:15.000Z,2020-12-30T11:01:06.000Z,1,-62.6485,-57.2995,,,,,,
fishing,2020-12-27T16:15:06.000Z,2020-12-27T23:18:50.000Z,1,-60.5336,-45.3103,,,,,,
fishing,2020-12-27T11:27:00.000Z,2020-12-27T16:04:07.000Z,1,-60.5742,-45.3107,,,,,,
fishing,2020-12-27T05:20:13.000Z,2020-12-27T08:44:24.000Z,1,-60.2991,-45.6692,,,,,,
fishing,2020-12-11T21:40:16.000Z,2020-12-27T04:20:02.000Z,1,-60.3688,-45.9974,,,,,,
fishing,2020-12-11T17:30:09.000Z,2020-12-11T18:44:16.000Z,1,-60.4116,-46.0101,,,,,,
fishing,2020-12-11T10:53:06.000Z,2020-12-11T11:18:12.000Z,1,-60.4452,-45.1212,,,,,,
fishing,2020-12-10T20:36:00.000Z,2020-12-11T04:00:08.000Z,1,-59.1876,-43.4889,,,,,,
fishing,2020-12-10T12:05:42.000Z,2020-12-10T12:54:04.000Z,1,-59.2281,-43.4665,,,,,,
fishing,2020-12-09T20:38:04.000Z,2020-12-10T08:38:03.000Z,1,-59.2962,-43.4995,,,,,,
fishing,2020-12-08T20:04:03.000Z,2020-12-09T15:20:15.000Z,1,-59.2711,-43.5585,,,,,,
fishing,2020-12-08T18:04:05.000Z,2020-12-08T18:46:06.000Z,1,-59.2658,-43.6499,,,,,,
fishing,2020-12-08T15:45:04.000Z,2020-12-08T16:25:02.000Z,1,-59.2267,-43.6306,,,,,,
fishing,2020-12-07T20:11:22.000Z,2020-12-08T14:38:06.000Z,1,-59.2837,-43.7808,,,,,,
fishing,2020-12-07T12:25:15.000Z,2020-12-07T15:04:07.000Z,1,-59.2768,-43.7446,,,,,,
fishing,2020-12-03T16:04:20.000Z,2020-12-07T11:42:02.000Z,1,-59.4849,-44.4351,,,,,,
fishing,2020-12-02T19:44:25.000Z,2020-12-03T15:17:18.000Z,1,-59.6987,-44.7884,,,,,,
fishing,2020-12-02T09:32:36.000Z,2020-12-02T13:26:00.000Z,1,-59.7041,-44.868,,,,,,
fishing,2020-12-02T06:42:50.000Z,2020-12-02T09:10:00.000Z,1,-59.7289,-44.8943,,,,,,
fishing,2020-11-30T02:06:03.000Z,2020-12-01T19:09:04.000Z,1,-60.3452,-46.1577,,,,,,
fishing,2020-11-21T18:13:04.000Z,2020-11-28T09:46:29.000Z,1,-59.5788,-45.3604,,,,,,
fishing,2020-11-21T16:09:01.000Z,2020-11-21T18:01:34.000Z,1,-59.385,-45.716,,,,,,
fishing,2020-11-21T15:18:13.000Z,2020-11-21T15:40:19.000Z,1,-59.3838,-45.7396,,,,,,
fishing,2020-11-21T10:58:02.000Z,2020-11-21T14:16:04.000Z,1,-59.3769,-45.8636,,,,,,
fishing,2020-11-21T08:53:56.000Z,2020-11-21T09:27:05.000Z,1,-59.411,-45.8025,,,,,,
fishing,2020-11-21T02:23:13.000Z,2020-11-21T07:35:36.000Z,1,-59.4292,-45.8682,,,,,,
fishing,2020-11-21T01:23:12.000Z,2020-11-21T01:55:03.000Z,1,-59.4368,-45.8591,,,,,,
fishing,2020-11-20T21:38:02.000Z,2020-11-21T01:07:02.000Z,1,-59.4126,-45.8412,,,,,,
fishing,2020-11-20T19:51:10.000Z,2020-11-20T21:28:00.000Z,1,-59.4102,-45.8167,,,,,,
fishing,2020-11-20T18:15:00.000Z,2020-11-20T19:41:04.000Z,1,-59.4438,-45.9113,,,,,,
fishing,2020-11-20T17:17:03.000Z,2020-11-20T17:48:10.000Z,1,-59.3879,-45.9388,,,,,,
fishing,2020-11-20T02:21:02.000Z,2020-11-20T07:00:13.000Z,1,-59.3915,-45.9548,,,,,,
fishing,2020-11-14T21:05:06.000Z,2020-11-14T22:16:04.000Z,1,-41.3993,-52.1983,,,,,,
fishing,2020-11-13T20:35:38.000Z,2020-11-14T05:38:18.000Z,1,-38.477,-52.693,,,,,,
fishing,2020-11-13T04:13:47.000Z,2020-11-13T09:48:20.000Z,1,-37.9108,-52.1879,,,,,,
fishing,2020-11-12T10:00:11.000Z,2020-11-12T14:49:33.000Z,1,-35.8812,-54.8009,,,,,,
fishing,2020-09-30T18:15:30.000Z,2020-09-30T21:10:29.000Z,1,-35.5356,-55.0651,,,,,,
fishing,2020-09-30T13:29:22.000Z,2020-09-30T18:02:55.000Z,1,-35.678,-54.8554,,,,,,
fishing,2020-09-30T04:56:38.000Z,2020-09-30T10:08:05.000Z,1,-36.5023,-53.9129,,,,,,
fishing,2020-09-29T21:35:08.000Z,2020-09-29T22:47:28.000Z,1,-37.1045,-53.4479,,,,,,
fishing,2020-09-27T22:58:09.000Z,2020-09-27T23:38:29.000Z,1,-43.2989,-47.4896,,,,,,
fishing,2020-09-27T19:39:55.000Z,2020-09-27T21:04:08.000Z,1,-43.5864,-47.2105,,,,,,
fishing,2020-09-26T23:09:32.000Z,2020-09-27T00:16:05.000Z,1,-46.8757,-43.7985,,,,,,
fishing,2020-09-26T06:46:11.000Z,2020-09-26T08:27:15.000Z,1,-49.4092,-41.0896,,,,,,
fishing,2020-09-07T08:00:13.000Z,2020-09-24T15:32:02.000Z,1,-53.8107,-35.9197,,,,,,
fishing,2020-09-06T03:10:40.000Z,2020-09-06T17:38:00.000Z,1,-54.2382,-36.5765,,,,,,
fishing,2020-09-06T01:02:07.000Z,2020-09-06T01:29:07.000Z,1,-54.2287,-36.5777,,,,,,
fishing,2020-09-04T21:15:58.000Z,2020-09-05T22:46:18.000Z,1,-54.2405,-36.5862,,,,,,
fishing,2020-09-03T19:12:02.000Z,2020-09-04T20:09:17.000Z,1,-54.1386,-36.5016,,,,,,
fishing,2020-09-03T03:04:27.000Z,2020-09-03T19:01:01.000Z,1,-54.144,-36.4363,,,,,,
fishing,2020-09-02T20:28:57.000Z,2020-09-03T02:48:40.000Z,1,-54.2273,-36.2309,,,,,,
fishing,2020-09-02T17:36:11.000Z,2020-09-02T19:54:11.000Z,1,-54.1521,-36.5151,,,,,,
fishing,2020-09-01T21:52:01.000Z,2020-09-02T17:08:16.000Z,1,-54.2264,-36.5432,,,,,,
fishing,2020-09-01T14:03:31.000Z,2020-09-01T21:06:40.000Z,1,-54.2487,-36.4526,,,,,,
fishing,2020-08-30T21:03:33.000Z,2020-08-30T21:59:39.000Z,1,-53.811,-36.1567,,,,,,
fishing,2020-08-30T16:54:37.000Z,2020-08-30T17:16:00.000Z,1,-54.0642,-35.4036,,,,,,
fishing,2020-08-30T15:05:00.000Z,2020-08-30T16:17:01.000Z,1,-54.1738,-35.468,,,,,,
fishing,2020-08-30T04:17:59.000Z,2020-08-30T11:48:01.000Z,1,-54.2645,-36.4439,,,,,,
fishing,2020-08-29T05:57:09.000Z,2020-08-29T11:03:30.000Z,1,-54.2525,-36.4713,,,,,,
fishing,2020-08-28T23:00:17.000Z,2020-08-29T05:26:07.000Z,1,-54.218,-36.532,,,,,,
fishing,2020-08-28T20:34:28.000Z,2020-08-28T22:32:12.000Z,1,-54.2765,-36.4395,,,,,,
fishing,2020-08-27T11:41:21.000Z,2020-08-27T13:41:09.000Z,1,-54.2697,-36.431,,,,,,
fishing,2020-08-24T12:16:08.000Z,2020-08-27T09:57:01.000Z,1,-53.6141,-36.1159,,,,,,
fishing,2020-08-13T12:13:52.000Z,2020-08-24T11:51:57.000Z,1,-53.9045,-35.7212,,,,,,
fishing,2020-08-12T18:30:05.000Z,2020-08-12T19:51:06.000Z,1,-54.3145,-36.4084,,,,,,
fishing,2020-08-12T11:29:13.000Z,2020-08-12T16:42:34.000Z,1,-54.2894,-36.4253,,,,,,
fishing,2020-08-12T04:14:27.000Z,2020-08-12T10:04:21.000Z,1,-54.243,-36.5817,,,,,,
fishing,2020-08-04T02:55:33.000Z,2020-08-11T16:35:16.000Z,1,-53.9756,-35.6234,,,,,,
fishing,2020-08-04T01:40:35.000Z,2020-08-04T02:25:00.000Z,1,-54.0125,-35.7215,,,,,,
fishing,2020-08-04T00:30:02.000Z,2020-08-04T01:22:57.000Z,1,-54.0712,-35.6059,,,,,,
fishing,2020-08-03T22:01:36.000Z,2020-08-04T00:11:53.000Z,1,-54.1491,-35.78,,,,,,
fishing,2020-08-03T12:31:18.000Z,2020-08-03T15:52:04.000Z,1,-54.2913,-36.4332,,,,,,
fishing,2020-08-03T03:02:21.000Z,2020-08-03T11:18:04.000Z,1,-54.2067,-36.5112,,,,,,
fishing,2020-08-02T17:31:47.000Z,2020-08-03T02:35:04.000Z,1,-54.2323,-36.4786,,,,,,
fishing,2020-08-02T01:57:54.000Z,2020-08-02T17:14:02.000Z,1,-54.3082,-36.413,,,,,,
fishing,2020-08-01T17:53:43.000Z,2020-08-01T20:28:06.000Z,1,-54.3363,-36.3902,,,,,,
fishing,2020-08-01T16:58:07.000Z,2020-08-01T17:23:01.000Z,1,-54.3124,-36.4211,,,,,,
fishing,2020-08-01T13:05:02.000Z,2020-08-01T16:44:04.000Z,1,-54.2911,-36.4619,,,,,,
fishing,2020-08-01T02:31:47.000Z,2020-08-01T12:18:12.000Z,1,-54.2407,-36.5775,,,,,,
fishing,2020-07-31T02:16:45.000Z,2020-07-31T23:42:08.000Z,1,-54.2363,-36.579,,,,,,
fishing,2020-07-30T23:10:27.000Z,2020-07-31T02:00:54.000Z,1,-54.221,-36.5134,,,,,,
fishing,2020-07-30T01:38:56.000Z,2020-07-30T19:01:04.000Z,1,-54.2561,-36.4706,,,,,,
fishing,2020-07-29T21:34:37.000Z,2020-07-30T00:23:08.000Z,1,-54.2869,-36.4498,,,,,,
fishing,2020-07-29T14:41:07.000Z,2020-07-29T15:06:04.000Z,1,-53.9685,-35.6386,,,,,,
fishing,2020-07-29T11:14:39.000Z,2020-07-29T12:36:17.000Z,1,-54.1254,-36.2038,,,,,,
fishing,2020-07-28T16:30:19.000Z,2020-07-28T19:58:07.000Z,1,-54.2224,-36.5742,,,,,,
fishing,2020-07-27T23:45:58.000Z,2020-07-28T15:44:29.000Z,1,-54.2166,-36.5386,,,,,,
fishing,2020-07-27T18:53:27.000Z,2020-07-27T22:32:06.000Z,1,-54.2131,-36.5333,,,,,,
fishing,2020-07-27T18:21:01.000Z,2020-07-27T18:41:06.000Z,1,-54.2232,-36.4765,,,,,,
fishing,2020-07-22T15:24:38.000Z,2020-07-27T15:08:04.000Z,1,-54.1258,-35.6796,,,,,,
fishing,2020-07-20T16:13:18.000Z,2020-07-22T14:54:06.000Z,1,-54.1854,-35.7315,,,,,,
fishing,2020-07-19T19:02:07.000Z,2020-07-20T00:11:40.000Z,1,-54.3016,-36.4458,,,,,,
fishing,2020-07-19T10:49:00.000Z,2020-07-19T18:46:08.000Z,1,-54.2964,-36.4394,,,,,,
fishing,2020-07-14T17:17:08.000Z,2020-07-19T09:54:09.000Z,1,-54.0534,-35.9924,,,,,,
fishing,2020-07-14T07:28:27.000Z,2020-07-14T07:52:18.000Z,1,-54.5453,-35.2591,,,,,,
fishing,2020-07-13T20:50:37.000Z,2020-07-13T22:12:29.000Z,1,-54.9462,-36.0309,,,,,,
fishing,2020-07-13T16:07:26.000Z,2020-07-13T17:46:06.000Z,1,-54.7596,-36.5366,,,,,,
fishing,2020-07-12T07:09:08.000Z,2020-07-13T15:32:12.000Z,1,-54.7061,-36.5513,,,,,,
fishing,2020-07-07T15:26:09.000Z,2020-07-11T20:02:22.000Z,1,-53.8539,-36.1047,,,,,,
fishing,2020-06-27T11:38:08.000Z,2020-07-07T15:08:08.000Z,1,-53.8354,-36.2461,,,,,,
fishing,2020-06-27T03:36:06.000Z,2020-06-27T08:36:17.000Z,1,-53.9889,-36.279,,,,,,
fishing,2020-06-16T01:47:31.000Z,2020-06-26T07:17:11.000Z,1,-54.0771,-35.776,,,,,,
fishing,2020-06-15T21:27:01.000Z,2020-06-16T01:29:21.000Z,1,-54.1279,-35.6894,,,,,,
fishing,2020-06-15T01:21:21.000Z,2020-06-15T17:12:10.000Z,1,-54.0125,-36.8509,,,,,,
fishing,2020-06-14T19:10:08.000Z,2020-06-14T23:21:04.000Z,1,-54.0354,-36.8151,,,,,,
fishing,2020-06-06T20:24:39.000Z,2020-06-14T13:36:37.000Z,1,-54.2395,-35.6054,,,,,,
fishing,2020-06-04T06:56:11.000Z,2020-06-04T07:31:51.000Z,1,-53.9302,-35.9778,,,,,,
fishing,2020-06-01T18:25:04.000Z,2020-06-01T19:48:12.000Z,1,-59.7857,-46.536,,,,,,
fishing,2020-06-01T12:25:01.000Z,2020-06-01T17:54:06.000Z,1,-59.8977,-46.741,,,,,,
fishing,2020-05-31T16:26:02.000Z,2020-05-31T17:09:54.000Z,1,-60.4763,-53.9298,,,,,,
fishing,2020-05-17T03:34:49.000Z,2020-05-30T23:40:01.000Z,1,-63.0121,-57.919,,,,,,
fishing,2020-05-15T10:26:17.000Z,2020-05-16T13:05:33.000Z,1,-62.4794,-59.7262,,,,,,
fishing,2020-05-15T06:37:10.000Z,2020-05-15T08:50:17.000Z,1,-62.481,-59.7273,,,,,,
fishing,2020-05-13T12:05:28.000Z,2020-05-13T13:00:00.000Z,1,-62.4726,-59.7029,,,,,,
fishing,2020-05-13T06:12:13.000Z,2020-05-13T10:52:04.000Z,1,-62.53,-59.4152,,,,,,
fishing,2020-05-13T00:54:21.000Z,2020-05-13T05:28:05.000Z,1,-62.6866,-59.7451,,,,,,
fishing,2020-05-12T20:59:00.000Z,2020-05-12T23:38:23.000Z,1,-62.7996,-59.3517,,,,,,
fishing,2020-05-02T15:37:00.000Z,2020-05-12T19:41:04.000Z,1,-63.0141,-58.756,,,,,,
fishing,2020-05-01T18:17:29.000Z,2020-05-02T05:28:12.000Z,1,-62.9187,-60.4577,,,,,,
fishing,2020-04-30T20:44:00.000Z,2020-05-01T17:59:00.000Z,1,-62.9292,-60.4674,,,,,,
fishing,2020-04-28T17:04:01.000Z,2020-04-30T18:39:02.000Z,1,-63.2161,-59.4969,,,,,,
fishing,2020-04-28T08:43:33.000Z,2020-04-28T11:39:24.000Z,1,-62.9327,-60.4714,,,,,,
fishing,2020-04-26T05:31:08.000Z,2020-04-26T12:26:06.000Z,1,-62.9183,-60.4219,,,,,,
fishing,2020-04-26T04:08:49.000Z,2020-04-26T05:04:08.000Z,1,-62.9629,-60.4431,,,,,,
fishing,2020-04-25T22:10:55.000Z,2020-04-26T00:04:15.000Z,1,-63.2511,-59.5992,,,,,,
fishing,2020-01-11T03:25:05.000Z,2020-01-11T04:13:00.000Z,1,-60.4337,-45.7235,,,,,,
fishing,2020-01-10T19:02:01.000Z,2020-01-11T03:07:29.000Z,1,-60.443,-45.6234,,,,,,
fishing,2019-10-16T20:29:37.000Z,2019-10-16T21:13:27.000Z,1,-35.0405,-56.0568,,,,,,
fishing,2019-10-10T16:06:34.000Z,2019-10-12T08:50:33.000Z,1,-35.0466,-56.0481,,,,,,
fishing,2019-10-06T12:49:15.000Z,2019-10-06T15:12:03.000Z,1,-37.1413,-50.7875,,,,,,
fishing,2019-10-05T21:18:03.000Z,2019-10-06T09:41:04.000Z,1,-36.9064,-50.6524,,,,,,
fishing,2019-10-04T05:01:49.000Z,2019-10-04T06:52:54.000Z,1,-35.0442,-56.0562,,,,,,
fishing,2019-10-03T12:01:12.000Z,2019-10-03T12:21:15.000Z,1,-35.0408,-56.0277,,,,,,
fishing,2019-10-03T03:46:07.000Z,2019-10-03T06:20:09.000Z,1,-35.4873,-55.2897,,,,,,
fishing,2019-10-02T22:15:30.000Z,2019-10-02T23:01:08.000Z,1,-35.7599,-55.1194,,,,,,
fishing,2019-10-02T18:53:07.000Z,2019-10-02T21:16:56.000Z,1,-35.6696,-55.157,,,,,,
fishing,2019-10-02T11:33:54.000Z,2019-10-02T16:08:21.000Z,1,-35.5543,-55.1704,,,,,,
fishing,2019-10-02T05:31:06.000Z,2019-10-02T08:31:27.000Z,1,-35.7388,-55.0769,,,,,,
fishing,2019-09-23T20:42:04.000Z,2019-09-23T23:30:01.000Z,1,-54.0955,-36.3064,,,,,,
fishing,2019-09-01T02:21:01.000Z,2019-09-23T18:45:52.000Z,1,-53.7769,-36.1145,,,,,,
fishing,2019-08-31T19:21:01.000Z,2019-08-31T21:04:10.000Z,1,-54.2332,-36.4319,,,,,,
fishing,2019-08-31T06:19:43.000Z,2019-08-31T09:52:43.000Z,1,-54.3053,-36.4362,,,,,,
fishing,2019-08-29T20:16:40.000Z,2019-08-30T13:19:40.000Z,1,-54.2976,-36.4254,,,,,,
fishing,2019-08-29T13:30:25.000Z,2019-08-29T14:17:02.000Z,1,-54.2909,-36.4597,,,,,,
fishing,2019-08-28T09:49:04.000Z,2019-08-29T05:42:13.000Z,1,-54.619,-35.8217,,,,,,
fishing,2019-08-28T07:22:15.000Z,2019-08-28T09:20:13.000Z,1,-54.6068,-35.7368,,,,,,
fishing,2019-08-28T04:34:53.000Z,2019-08-28T05:56:55.000Z,1,-54.4424,-35.7285,,,,,,
fishing,2019-08-24T15:11:22.000Z,2019-08-28T00:04:03.000Z,1,-53.9624,-35.898,,,,,,
fishing,2019-08-23T03:53:23.000Z,2019-08-24T14:53:34.000Z,1,-53.9413,-35.8899,,,,,,
fishing,2019-08-23T02:52:55.000Z,2019-08-23T03:41:36.000Z,1,-53.9294,-35.7732,,,,,,
fishing,2019-08-20T14:10:02.000Z,2019-08-22T23:27:36.000Z,1,-53.9573,-35.8653,,,,,,
fishing,2019-08-20T00:13:01.000Z,2019-08-20T12:30:26.000Z,1,-54.1258,-36.0379,,,,,,
fishing,2019-08-19T23:01:09.000Z,2019-08-19T23:53:07.000Z,1,-53.9068,-35.7793,,,,,,
fishing,2019-08-17T03:57:10.000Z,2019-08-19T21:47:39.000Z,1,-53.9321,-35.6915,,,,,,
fishing,2019-08-17T02:34:07.000Z,2019-08-17T03:31:39.000Z,1,-54.0066,-35.6764,,,,,,
fishing,2019-08-17T00:57:16.000Z,2019-08-17T02:18:20.000Z,1,-53.9287,-35.6951,,,,,,
fishing,2019-08-16T23:35:02.000Z,2019-08-17T00:29:03.000Z,1,-53.8648,-35.7835,,,,,,
fishing,2019-08-10T00:23:38.000Z,2019-08-15T12:52:13.000Z,1,-53.9451,-35.7064,,,,,,
fishing,2019-08-09T22:54:02.000Z,2019-08-09T23:14:36.000Z,1,-53.9797,-35.6348,,,,,,
fishing,2019-08-09T03:19:15.000Z,2019-08-09T14:21:10.000Z,1,-54.6204,-35.7936,,,,,,
fishing,2019-08-09T01:53:07.000Z,2019-08-09T02:35:02.000Z,1,-54.6425,-35.7605,,,,,,
fishing,2019-08-07T06:41:23.000Z,2019-08-08T22:36:21.000Z,1,-54.6251,-35.8003,,,,,,
fishing,2019-07-30T05:33:21.000Z,2019-08-06T19:37:14.000Z,1,-53.9292,-35.7643,,,,,,
fishing,2019-07-30T03:34:15.000Z,2019-07-30T04:03:05.000Z,1,-54.1412,-35.6119,,,,,,
fishing,2019-07-30T01:04:00.000Z,2019-07-30T01:27:01.000Z,1,-54.0063,-35.5641,,,,,,
fishing,2019-07-29T20:03:13.000Z,2019-07-29T21:47:14.000Z,1,-53.8164,-36.1898,,,,,,
fishing,2019-07-29T19:04:00.000Z,2019-07-29T19:46:07.000Z,1,-53.8067,-36.2489,,,,,,
fishing,2019-07-29T14:16:15.000Z,2019-07-29T17:19:06.000Z,1,-54.1044,-36.3984,,,,,,
fishing,2019-07-29T09:38:30.000Z,2019-07-29T13:16:14.000Z,1,-54.2757,-36.441,,,,,,
fishing,2019-07-28T13:20:57.000Z,2019-07-28T15:15:03.000Z,1,-54.2698,-36.4505,,,,,,
fishing,2019-07-27T19:54:51.000Z,2019-07-27T22:40:06.000Z,1,-54.2722,-36.4475,,,,,,
fishing,2019-07-23T08:19:40.000Z,2019-07-27T17:23:02.000Z,1,-53.9484,-35.7646,,,,,,
fishing,2019-07-22T17:17:01.000Z,2019-07-23T02:50:19.000Z,1,-54.0588,-36.2751,,,,,,
fishing,2019-07-21T16:59:46.000Z,2019-07-22T16:40:24.000Z,1,-54.2745,-36.4462,,,,,,
fishing,2019-07-20T19:02:10.000Z,2019-07-21T16:41:48.000Z,1,-54.2897,-36.4396,,,,,,
fishing,2019-07-20T16:11:08.000Z,2019-07-20T17:26:31.000Z,1,-54.2575,-36.4431,,,,,,
fishing,2019-07-20T09:43:10.000Z,2019-07-20T10:05:12.000Z,1,-54.3567,-35.442,,,,,,
fishing,2019-07-20T08:54:01.000Z,2019-07-20T09:31:01.000Z,1,-54.3824,-35.3903,,,,,,
fishing,2019-07-20T03:12:03.000Z,2019-07-20T05:46:02.000Z,1,-54.676,-35.6892,,,,,,
fishing,2019-07-19T11:59:03.000Z,2019-07-20T02:33:01.000Z,1,-54.7262,-35.6377,,,,,,
fishing,2019-07-19T09:19:13.000Z,2019-07-19T09:59:08.000Z,1,-54.6101,-35.7112,,,,,,
fishing,2019-07-18T03:44:01.000Z,2019-07-19T02:41:01.000Z,1,-54.0054,-35.7317,,,,,,
fishing,2019-07-13T02:03:49.000Z,2019-07-17T22:09:02.000Z,1,-54.0009,-35.8501,,,,,,
fishing,2019-07-12T02:49:13.000Z,2019-07-12T09:59:00.000Z,1,-54.1797,-36.3792,,,,,,
fishing,2019-07-11T22:22:01.000Z,2019-07-11T22:49:05.000Z,1,-54.1751,-36.2505,,,,,,
fishing,2019-07-11T19:00:00.000Z,2019-07-11T21:19:09.000Z,1,-54.1846,-36.2891,,,,,,
fishing,2019-07-07T12:33:37.000Z,2019-07-07T13:11:17.000Z,1,-49.7484,-48.32,,,,,,
fishing,2019-07-07T10:49:05.000Z,2019-07-07T12:19:26.000Z,1,-49.7546,-48.3464,,,,,,
fishing,2019-07-04T00:11:16.000Z,2019-07-04T01:01:49.000Z,1,-47.804,-23.2452,,,,,,
fishing,2019-06-29T08:12:12.000Z,2019-06-29T08:36:10.000Z,1,-39.4084,4.304,,,,,,
fishing,2019-06-28T02:57:08.000Z,2019-06-28T06:36:02.000Z,1,-37.1656,10.1779,,,,,,
fishing,2019-06-27T22:53:58.000Z,2019-06-28T01:13:28.000Z,1,-36.9444,10.7572,,,,,,
fishing,2019-06-27T13:31:00.000Z,2019-06-27T14:02:17.000Z,1,-36.3627,12.2834,,,,,,
fishing,2019-05-03T13:54:58.000Z,2019-05-03T14:29:48.000Z,1,-38.9649,5.2267,,,,,,
fishing,2019-05-03T09:42:45.000Z,2019-05-03T11:05:03.000Z,1,-39.1988,4.569,,,,,,
fishing,2019-04-24T23:11:07.000Z,2019-04-24T23:44:16.000Z,1,-61.9631,-59.0792,,,,,,
fishing,2019-04-24T19:22:59.000Z,2019-04-24T20:07:09.000Z,1,-62.4485,-59.3204,,,,,,
fishing,2019-04-24T00:20:15.000Z,2019-04-24T02:16:24.000Z,1,-62.6897,-58.7241,,,,,,
fishing,2019-04-21T19:08:34.000Z,2019-04-22T10:58:00.000Z,1,-62.4552,-59.6559,,,,,,
fishing,2019-04-20T12:55:13.000Z,2019-04-21T09:25:12.000Z,1,-62.4735,-59.5745,,,,,,
fishing,2019-04-20T03:38:02.000Z,2019-04-20T07:28:53.000Z,1,-62.8385,-58.4879,,,,,,
fishing,2019-04-08T02:55:28.000Z,2019-04-20T02:03:02.000Z,1,-63.0378,-58.496,,,,,,
fishing,2019-04-07T21:38:03.000Z,2019-04-08T02:24:28.000Z,1,-63.0345,-58.2931,,,,,,
fishing,2019-04-07T20:27:03.000Z,2019-04-07T21:05:02.000Z,1,-62.9953,-58.4208,,,,,,
fishing,2019-04-07T17:38:09.000Z,2019-04-07T18:13:32.000Z,1,-62.5146,-58.0379,,,,,,
fishing,2019-04-07T14:14:05.000Z,2019-04-07T14:34:10.000Z,1,-62.2244,-57.4706,,,,,,
fishing,2019-04-07T13:14:09.000Z,2019-04-07T14:02:01.000Z,1,-62.2212,-57.3357,,,,,,
fishing,2019-04-06T20:48:14.000Z,2019-04-07T06:33:41.000Z,1,-61.7544,-55.3935,,,,,,
fishing,2019-04-06T16:47:04.000Z,2019-04-06T18:07:27.000Z,1,-61.5472,-54.2858,,,,,,
fishing,2019-04-03T16:06:40.000Z,2019-04-05T01:18:20.000Z,1,-60.4237,-46.8148,,,,,,
fishing,2019-04-02T01:12:22.000Z,2019-04-02T01:40:02.000Z,1,-60.712,-45.5368,,,,,,
fishing,2019-04-01T22:43:44.000Z,2019-04-02T00:05:21.000Z,1,-60.6728,-45.5884,,,,,,
fishing,2019-04-01T01:51:14.000Z,2019-04-01T03:43:28.000Z,1,-60.5677,-45.3058,,,,,,
fishing,2019-04-01T00:18:01.000Z,2019-04-01T00:51:10.000Z,1,-60.513,-45.1368,,,,,,
fishing,2019-03-27T03:08:01.000Z,2019-03-31T20:04:18.000Z,1,-60.4219,-45.9597,,,,,,
fishing,2019-03-24T15:15:42.000Z,2019-03-25T12:11:04.000Z,1,-60.3492,-46.4534,,,,,,
fishing,2019-03-17T11:17:07.000Z,2019-03-24T14:51:17.000Z,1,-60.407,-46.3477,,,,,,
fishing,2019-03-17T09:19:02.000Z,2019-03-17T11:05:00.000Z,1,-60.4691,-46.0768,,,,,,
fishing,2019-03-14T15:53:53.000Z,2019-03-15T20:02:46.000Z,1,-60.3813,-46.5628,,,,,,
fishing,2019-03-12T22:01:04.000Z,2019-03-14T15:14:11.000Z,1,-60.3889,-46.028,,,,,,
fishing,2019-03-12T05:07:43.000Z,2019-03-12T12:02:20.000Z,1,-60.5087,-45.5088,,,,,,
fishing,2019-03-11T13:22:20.000Z,2019-03-11T16:02:08.000Z,1,-60.6982,-45.4776,,,,,,
fishing,2019-03-09T06:13:50.000Z,2019-03-11T02:05:51.000Z,1,-60.3888,-46.2038,,,,,,
fishing,2019-03-09T00:35:03.000Z,2019-03-09T05:07:00.000Z,1,-60.4469,-45.9868,,,,,,
fishing,2019-03-08T22:12:08.000Z,2019-03-08T23:42:29.000Z,1,-60.4491,-45.9671,,,,,,
fishing,2019-03-08T19:53:04.000Z,2019-03-08T21:31:15.000Z,1,-60.4178,-46.1167,,,,,,
fishing,2019-03-08T18:00:46.000Z,2019-03-08T19:34:32.000Z,1,-60.5377,-46.0834,,,,,,
fishing,2019-03-08T11:35:32.000Z,2019-03-08T17:35:22.000Z,1,-60.456,-45.8591,,,,,,
fishing,2019-03-07T18:39:29.000Z,2019-03-07T19:45:03.000Z,1,-60.4478,-45.6547,,,,,,
fishing,2019-03-07T14:46:07.000Z,2019-03-07T17:25:20.000Z,1,-60.437,-45.9535,,,,,,
fishing,2019-03-07T12:38:20.000Z,2019-03-07T14:25:55.000Z,1,-60.4522,-46.0315,,,,,,
fishing,2019-03-07T11:45:01.000Z,2019-03-07T12:24:29.000Z,1,-60.4201,-46.0573,,,,,,
fishing,2019-03-07T07:37:38.000Z,2019-03-07T09:52:06.000Z,1,-60.3979,-46.3616,,,,,,
fishing,2019-02-20T19:20:56.000Z,2019-02-20T22:08:29.000Z,1,2.4203,-27.3111,,,,,,
fishing,2019-02-05T09:17:22.000Z,2019-02-05T17:15:18.000Z,1,58.9109,4.9458,,,,,,
fishing,2019-01-13T17:36:13.000Z,2019-01-13T19:48:06.000Z,1,62.6801,6.5003,,,,,,
fishing,2019-01-13T07:21:38.000Z,2019-01-13T14:25:37.000Z,1,62.38,6.2225,,,,,,
fishing,2019-01-12T16:45:47.000Z,2019-01-13T01:50:17.000Z,1,62.4679,5.8435,,,,,,
fishing,2019-01-12T09:27:33.000Z,2019-01-12T10:11:53.000Z,1,62.6283,6.4505,,,,,,
fishing,2019-01-12T05:10:44.000Z,2019-01-12T08:55:04.000Z,1,62.7136,6.5072,,,,,,
fishing,2019-01-12T03:21:40.000Z,2019-01-12T03:49:10.000Z,1,62.7055,6.5237,,,,,,
fishing,2019-01-12T00:28:19.000Z,2019-01-12T03:07:09.000Z,1,62.6802,6.4877,,,,,,
fishing,2019-01-07T00:55:08.000Z,2019-01-07T01:48:08.000Z,1,62.6757,6.5074,,,,,,
fishing,2019-01-06T22:36:50.000Z,2019-01-07T00:05:42.000Z,1,62.7071,6.5473,,,,,,
fishing,2019-01-06T20:00:42.000Z,2019-01-06T20:21:52.000Z,1,62.6777,6.5173,,,,,,
fishing,2019-01-06T17:15:26.000Z,2019-01-06T18:20:46.000Z,1,62.6336,6.466,,,,,,
fishing,2019-01-06T15:14:06.000Z,2019-01-06T16:50:26.000Z,1,62.6903,6.5193,,,,,,
fishing,2019-01-06T08:53:34.000Z,2019-01-06T10:35:23.000Z,1,62.64,6.4564,,,,,,
fishing,2019-01-06T06:30:09.000Z,2019-01-06T07:55:16.000Z,1,62.6275,6.4693,,,,,,
fishing,2019-01-05T15:10:02.000Z,2019-01-06T00:40:41.000Z,1,62.6435,6.4689,,,,,,
fishing,2019-01-05T09:46:52.000Z,2019-01-05T14:48:32.000Z,1,62.6518,6.4696,,,,,,
fishing,2019-01-05T05:58:31.000Z,2019-01-05T09:20:51.000Z,1,62.6345,6.4576,,,,,,
fishing,2019-01-05T04:20:12.000Z,2019-01-05T05:26:21.000Z,1,62.6479,6.4737,,,,,,
fishing,2019-01-04T23:50:08.000Z,2019-01-05T01:55:57.000Z,1,62.6712,6.8095,,,,,,
fishing,2019-01-04T20:37:30.000Z,2019-01-04T21:40:50.000Z,1,62.6601,6.4735,,,,,,
fishing,2018-12-17T14:32:56.000Z,2018-12-18T03:01:06.000Z,1,62.6583,6.4638,,,,,,
fishing,2018-12-17T08:44:53.000Z,2018-12-17T11:00:22.000Z,1,62.6582,6.4635,,,,,,
fishing,2018-12-16T19:38:45.000Z,2018-12-16T23:26:57.000Z,1,62.6449,6.4442,,,,,,